event_id,user_id,event_type,description,category,direction,amount,currency,event_date,settlement_date,status,linked_event_id,flexibility,minimum_allowed_amount
event_01,user_01,expense,Apartment rent transfer,rent,debit,5148.0,ZAR,2023-10-02,2023-10-02,settled,,fixed,
event_02,user_01,expense,Household utility payment,utilities,debit,1475.46,ZAR,2023-10-06,2023-10-06,settled,,fixed,
event_03,user_01,expense,Professional training fee,education,debit,1821.6,ZAR,2023-10-08,2023-10-08,settled,,fixed,
event_04,user_01,debt_payment,Education loan instalment,debt_repayment,debit,3487.0,ZAR,2023-10-11,2023-10-11,settled,,fixed,
event_05,user_01,subscription,Music service subscription,music_subscription,debit,235.4,ZAR,2023-10-11,2023-10-11,settled,,fixed,
event_06,user_01,subscription,Delivery service plan,delivery_membership,debit,306.9,ZAR,2023-10-13,2023-10-13,settled,,stoppable,
event_07,user_01,expense,Apartment rent transfer,rent,debit,5148.0,ZAR,2023-11-02,2023-11-02,settled,,fixed,
event_08,user_01,expense,Household utility payment,utilities,debit,1483.81,ZAR,2023-11-06,2023-11-06,settled,,fixed,
event_09,user_01,expense,Professional training fee,education,debit,1821.6,ZAR,2023-11-08,2023-11-08,settled,,fixed,
event_10,user_01,debt_payment,Education loan instalment,debt_repayment,debit,3487.0,ZAR,2023-11-11,2023-11-11,settled,,fixed,
event_11,user_01,subscription,Music service subscription,music_subscription,debit,235.4,ZAR,2023-11-11,2023-11-11,settled,,fixed,
event_12,user_01,subscription,Delivery service plan,delivery_membership,debit,306.9,ZAR,2023-11-13,2023-11-13,settled,,stoppable,
event_13,user_01,expense,Apartment rent transfer,rent,debit,5148.0,ZAR,2023-12-02,2023-12-02,settled,,fixed,
event_14,user_01,expense,Household utility payment,utilities,debit,1541.75,ZAR,2023-12-06,2023-12-06,settled,,fixed,
event_15,user_01,expense,Professional training fee,education,debit,1821.6,ZAR,2023-12-08,2023-12-08,settled,,fixed,
event_16,user_01,debt_payment,Education loan instalment,debt_repayment,debit,3487.0,ZAR,2023-12-11,2023-12-11,settled,,fixed,
event_17,user_01,subscription,Music service subscription,music_subscription,debit,235.4,ZAR,2023-12-11,2023-12-11,settled,,fixed,
event_18,user_01,subscription,Delivery service plan,delivery_membership,debit,306.9,ZAR,2023-12-13,2023-12-13,settled,,stoppable,
event_19,user_01,expense,Apartment rent transfer,rent,debit,5148.0,ZAR,2024-01-02,2024-01-02,settled,,fixed,
event_20,user_01,expense,Household utility payment,utilities,debit,1651.81,ZAR,2024-01-06,2024-01-06,settled,,fixed,
event_21,user_01,expense,Professional training fee,education,debit,1821.6,ZAR,2024-01-08,2024-01-08,settled,,fixed,
event_22,user_01,debt_payment,Education loan instalment,debt_repayment,debit,3487.0,ZAR,2024-01-11,2024-01-11,settled,,fixed,
event_23,user_01,subscription,Music service subscription,music_subscription,debit,235.4,ZAR,2024-01-11,2024-01-11,settled,,fixed,
event_24,user_01,subscription,Delivery service plan,delivery_membership,debit,306.9,ZAR,2024-01-13,2024-01-13,settled,,stoppable,
event_25,user_01,income,Prorated first salary,salary,credit,12826.0,ZAR,2024-02-15,2024-02-15,settled,,fixed,
event_26,user_01,expense,Apartment rent transfer,rent,debit,5148.0,ZAR,2024-02-02,2024-02-02,settled,,fixed,
event_27,user_01,expense,Household utility payment,utilities,debit,1386.17,ZAR,2024-02-06,2024-02-06,settled,,fixed,
event_28,user_01,expense,Professional training fee,education,debit,1821.6,ZAR,2024-02-08,2024-02-08,settled,,fixed,
event_29,user_01,debt_payment,Education loan instalment,debt_repayment,debit,3487.0,ZAR,2024-02-11,2024-02-11,settled,,fixed,
event_30,user_01,subscription,Music service subscription,music_subscription,debit,235.4,ZAR,2024-02-11,2024-02-11,settled,,fixed,
event_31,user_01,subscription,Delivery service plan,delivery_membership,debit,306.9,ZAR,2024-02-13,2024-02-13,settled,,stoppable,
event_32,user_01,expense,Apartment rent transfer,rent,debit,5148.0,ZAR,2024-03-02,2024-03-02,settled,,fixed,
event_33,user_01,expense,Neighbourhood grocer,groceries,debit,925.62,ZAR,2023-09-08,2023-09-08,settled,,fixed,
event_34,user_01,expense,Neighbourhood grocer,groceries,debit,939.13,ZAR,2023-09-15,2023-09-15,settled,,fixed,
event_35,user_01,expense,Bulk pantry shop,groceries,debit,707.36,ZAR,2023-09-22,2023-09-22,settled,,fixed,
event_36,user_01,expense,Grocery delivery,groceries,debit,629.96,ZAR,2023-09-29,2023-09-29,settled,,fixed,
event_37,user_01,expense,Local market purchase,groceries,debit,873.17,ZAR,2023-10-06,2023-10-06,settled,,fixed,
event_38,user_01,expense,Bulk pantry shop,groceries,debit,915.12,ZAR,2023-10-13,2023-10-13,settled,,fixed,
event_39,user_01,expense,Fresh food shop,groceries,debit,644.3,ZAR,2023-10-20,2023-10-20,settled,,fixed,
event_40,user_01,expense,Fresh food shop,groceries,debit,663.27,ZAR,2023-10-27,2023-10-27,settled,,fixed,
event_41,user_01,expense,Grocery delivery,groceries,debit,1030.1,ZAR,2023-11-03,2023-11-03,settled,,fixed,
event_42,user_01,expense,Neighbourhood grocer,groceries,debit,672.37,ZAR,2023-11-10,2023-11-10,settled,,fixed,
event_43,user_01,expense,Local market purchase,groceries,debit,803.55,ZAR,2023-11-17,2023-11-17,settled,,fixed,
event_44,user_01,expense,Local market purchase,groceries,debit,644.43,ZAR,2023-11-24,2023-11-24,settled,,fixed,
event_45,user_01,expense,Household groceries,groceries,debit,882.48,ZAR,2023-12-01,2023-12-01,settled,,fixed,
event_46,user_01,expense,Bulk pantry shop,groceries,debit,602.87,ZAR,2023-12-08,2023-12-08,settled,,fixed,
event_47,user_01,expense,Local market purchase,groceries,debit,765.64,ZAR,2023-12-15,2023-12-15,settled,,fixed,
event_48,user_01,expense,Fresh food shop,groceries,debit,651.12,ZAR,2023-12-22,2023-12-22,settled,,fixed,
event_49,user_01,expense,Fresh food shop,groceries,debit,899.04,ZAR,2023-12-29,2023-12-29,settled,,fixed,
event_50,user_01,expense,Neighbourhood grocer,groceries,debit,961.46,ZAR,2024-01-05,2024-01-05,settled,,fixed,
event_51,user_01,expense,Supermarket basket,groceries,debit,875.35,ZAR,2024-01-12,2024-01-12,settled,,fixed,
event_52,user_01,expense,Household groceries,groceries,debit,756.39,ZAR,2024-01-19,2024-01-19,settled,,fixed,
event_53,user_01,expense,Supermarket basket,groceries,debit,624.94,ZAR,2024-01-26,2024-01-26,settled,,fixed,
event_54,user_01,expense,Household groceries,groceries,debit,719.51,ZAR,2024-02-02,2024-02-02,settled,,fixed,
event_55,user_01,expense,Neighbourhood grocer,groceries,debit,755.11,ZAR,2024-02-09,2024-02-09,settled,,fixed,
event_56,user_01,expense,Supermarket basket,groceries,debit,881.22,ZAR,2024-02-16,2024-02-16,settled,,fixed,
event_57,user_01,expense,Grocery delivery,groceries,debit,626.01,ZAR,2024-02-23,2024-02-23,settled,,fixed,
event_58,user_01,expense,Local market purchase,groceries,debit,964.05,ZAR,2024-03-01,2024-03-01,settled,,fixed,
event_59,user_01,expense,Commuter pass,transport,debit,399.02,ZAR,2023-09-09,2023-09-09,settled,,fixed,
event_60,user_01,expense,Ride-hailing trip,transport,debit,549.8,ZAR,2023-09-16,2023-09-16,settled,,fixed,
event_61,user_01,expense,Metro and bus fares,transport,debit,468.47,ZAR,2023-09-23,2023-09-23,settled,,fixed,
event_62,user_01,expense,Ride-hailing trip,transport,debit,428.92,ZAR,2023-09-30,2023-09-30,settled,,fixed,
event_63,user_01,expense,Metro and bus fares,transport,debit,373.05,ZAR,2023-10-07,2023-10-07,settled,,fixed,
event_64,user_01,expense,Fuel refill,transport,debit,503.02,ZAR,2023-10-14,2023-10-14,settled,,fixed,
event_65,user_01,expense,Local taxi,transport,debit,351.49,ZAR,2023-10-21,2023-10-21,settled,,fixed,
event_66,user_01,expense,Metro and bus fares,transport,debit,553.74,ZAR,2023-10-28,2023-10-28,settled,,fixed,
event_67,user_01,expense,Rail pass,transport,debit,421.89,ZAR,2023-11-04,2023-11-04,settled,,fixed,
event_68,user_01,expense,Metro and bus fares,transport,debit,347.86,ZAR,2023-11-11,2023-11-11,settled,,fixed,
event_69,user_01,expense,Commuter pass,transport,debit,518.04,ZAR,2023-11-18,2023-11-18,settled,,fixed,
event_70,user_01,expense,Ride-hailing trip,transport,debit,444.56,ZAR,2023-11-25,2023-11-25,settled,,fixed,
event_71,user_01,expense,Parking and tolls,transport,debit,323.58,ZAR,2023-12-02,2023-12-02,settled,,fixed,
event_72,user_01,expense,Vehicle charging,transport,debit,478.16,ZAR,2023-12-09,2023-12-09,settled,,fixed,
event_73,user_01,expense,Vehicle charging,transport,debit,534.56,ZAR,2023-12-16,2023-12-16,settled,,fixed,
event_74,user_01,expense,Local taxi,transport,debit,411.07,ZAR,2023-12-23,2023-12-23,settled,,fixed,
event_75,user_01,expense,Commuter pass,transport,debit,374.6,ZAR,2023-12-30,2023-12-30,settled,,fixed,
event_76,user_01,expense,Ride-hailing trip,transport,debit,358.85,ZAR,2024-01-06,2024-01-06,settled,,fixed,
event_77,user_01,expense,Fuel refill,transport,debit,434.69,ZAR,2024-01-13,2024-01-13,settled,,fixed,
event_78,user_01,expense,Rail pass,transport,debit,375.73,ZAR,2024-01-20,2024-01-20,settled,,fixed,
event_79,user_01,expense,Commuter pass,transport,debit,560.21,ZAR,2024-01-27,2024-01-27,settled,,fixed,
event_80,user_01,expense,Metro and bus fares,transport,debit,406.54,ZAR,2024-02-03,2024-02-03,settled,,fixed,
event_81,user_01,expense,Parking and tolls,transport,debit,488.36,ZAR,2024-02-10,2024-02-10,settled,,fixed,
event_82,user_01,expense,Ride-hailing trip,transport,debit,424.56,ZAR,2024-02-17,2024-02-17,settled,,fixed,
event_83,user_01,expense,Commuter pass,transport,debit,549.05,ZAR,2024-02-24,2024-02-24,settled,,fixed,
event_84,user_01,expense,Local taxi,transport,debit,339.29,ZAR,2024-03-02,2024-03-02,settled,,fixed,
event_85,user_01,expense,Bakery and snacks,dining,debit,1213.78,ZAR,2023-09-10,2023-09-10,settled,,reducible,489.5
event_86,user_01,expense,Bakery and snacks,dining,debit,1243.56,ZAR,2023-09-24,2023-09-24,settled,,reducible,489.5
event_87,user_01,expense,Lunch with colleagues,dining,debit,1128.35,ZAR,2023-10-08,2023-10-08,settled,,reducible,489.5
event_88,user_01,expense,Takeaway order,dining,debit,1027.06,ZAR,2023-10-22,2023-10-22,settled,,reducible,489.5
event_89,user_01,expense,Quick-service meal,dining,debit,1070.17,ZAR,2023-11-05,2023-11-05,settled,,reducible,489.5
event_90,user_01,expense,Weekend food delivery,dining,debit,956.7,ZAR,2023-11-19,2023-11-19,settled,,reducible,489.5
event_91,user_01,expense,Quick-service meal,dining,debit,1160.42,ZAR,2023-12-03,2023-12-03,settled,,reducible,489.5
event_92,user_01,expense,Coffee shop,dining,debit,972.88,ZAR,2023-12-17,2023-12-17,settled,,reducible,489.5
event_93,user_01,expense,Neighbourhood restaurant,dining,debit,914.64,ZAR,2023-12-31,2023-12-31,settled,,reducible,489.5
event_94,user_01,expense,Coffee shop,dining,debit,1017.11,ZAR,2024-01-14,2024-01-14,settled,,reducible,489.5
event_95,user_01,expense,Bakery and snacks,dining,debit,1222.49,ZAR,2024-01-28,2024-01-28,settled,,reducible,489.5
event_96,user_01,expense,Bakery and snacks,dining,debit,1016.12,ZAR,2024-02-11,2024-02-11,settled,,reducible,489.5
event_97,user_01,expense,Family dinner,dining,debit,1216.17,ZAR,2024-02-25,2024-02-25,settled,,reducible,489.5
event_98,user_01,expense,Card charge later reversed,shopping,debit,583.0,ZAR,2024-01-25,2024-01-26,settled,,fixed,
event_99,user_01,refund,Settled card charge reversal,shopping,credit,583.0,ZAR,2024-01-28,2024-01-29,settled,event_98,fixed,
event_100,user_01,expense,Card authorization,shopping,debit,816.2,ZAR,2024-02-14,2024-02-16,cancelled,,fixed,
event_101,user_01,expense,Settled card purchase,shopping,debit,816.2,ZAR,2024-02-16,2024-02-17,settled,event_100,fixed,
event_102,user_01,expense,Pending fuel authorization,transport,debit,567.6,ZAR,2024-03-02,2024-03-05,pending,,fixed,
event_103,user_01,income,Next confirmed salary,salary,credit,23320.0,ZAR,2024-03-15,2024-03-15,scheduled,,fixed,
event_104,user_02,income,Payroll credit,salary,credit,33345000.0,IDR,2025-03-15,2025-03-15,settled,,fixed,
event_105,user_02,expense,Home repair reserve,housing,debit,3534000.0,IDR,2025-03-04,2025-03-04,settled,,fixed,
event_106,user_02,expense,Municipal utilities,utilities,debit,2143659.02,IDR,2025-03-07,2025-03-07,settled,,fixed,
event_107,user_02,expense,Household insurance,insurance,debit,1132400.0,IDR,2025-03-08,2025-03-08,settled,,fixed,
event_108,user_02,expense,Course tuition,education,debit,3040000.0,IDR,2025-03-09,2025-03-09,settled,,fixed,
event_109,user_02,expense,Clinic payment,healthcare,debit,1594883.08,IDR,2025-03-11,2025-03-11,settled,,fixed,
event_110,user_02,expense,Cinema and events,entertainment,debit,1289187.4,IDR,2025-03-15,2025-03-15,settled,,reducible,670700.0
event_111,user_02,subscription,Shared storage plan,cloud_storage,debit,369550.0,IDR,2025-03-13,2025-03-13,settled,,stoppable,
event_112,user_02,income,Payroll credit,salary,credit,33345000.0,IDR,2025-04-15,2025-04-15,settled,,fixed,
event_113,user_02,expense,Home repair reserve,housing,debit,3534000.0,IDR,2025-04-04,2025-04-04,settled,,fixed,
event_114,user_02,expense,Municipal utilities,utilities,debit,2081730.85,IDR,2025-04-07,2025-04-07,settled,,fixed,
event_115,user_02,expense,Household insurance,insurance,debit,1132400.0,IDR,2025-04-08,2025-04-08,settled,,fixed,
event_116,user_02,expense,Course tuition,education,debit,3040000.0,IDR,2025-04-09,2025-04-09,settled,,fixed,
event_117,user_02,expense,Clinic payment,healthcare,debit,1467514.81,IDR,2025-04-11,2025-04-11,settled,,fixed,
event_118,user_02,expense,Cinema and events,entertainment,debit,1367779.89,IDR,2025-04-15,2025-04-15,settled,,reducible,670700.0
event_119,user_02,subscription,Shared storage plan,cloud_storage,debit,369550.0,IDR,2025-04-13,2025-04-13,settled,,stoppable,
event_120,user_02,income,Payroll credit,salary,credit,33345000.0,IDR,2025-05-15,2025-05-15,settled,,fixed,
event_121,user_02,expense,Home repair reserve,housing,debit,3534000.0,IDR,2025-05-04,2025-05-04,settled,,fixed,
event_122,user_02,expense,Municipal utilities,utilities,debit,1830311.06,IDR,2025-05-07,2025-05-07,settled,,fixed,
event_123,user_02,expense,Household insurance,insurance,debit,1132400.0,IDR,2025-05-08,2025-05-08,settled,,fixed,
event_124,user_02,expense,Course tuition,education,debit,3040000.0,IDR,2025-05-09,2025-05-09,settled,,fixed,
event_125,user_02,expense,Clinic payment,healthcare,debit,1452405.16,IDR,2025-05-11,2025-05-11,settled,,fixed,
event_126,user_02,expense,Cinema and events,entertainment,debit,1287628.28,IDR,2025-05-15,2025-05-15,settled,,reducible,670700.0
event_127,user_02,subscription,Shared storage plan,cloud_storage,debit,369550.0,IDR,2025-05-13,2025-05-13,settled,,stoppable,
event_128,user_02,income,Payroll credit,salary,credit,33345000.0,IDR,2025-06-15,2025-06-15,settled,,fixed,
event_129,user_02,expense,Home repair reserve,housing,debit,3534000.0,IDR,2025-06-04,2025-06-04,settled,,fixed,
event_130,user_02,expense,Municipal utilities,utilities,debit,1981601.61,IDR,2025-06-07,2025-06-07,settled,,fixed,
event_131,user_02,expense,Household insurance,insurance,debit,1132400.0,IDR,2025-06-08,2025-06-08,settled,,fixed,
event_132,user_02,expense,Course tuition,education,debit,3040000.0,IDR,2025-06-09,2025-06-09,settled,,fixed,
event_133,user_02,expense,Clinic payment,healthcare,debit,1641668.72,IDR,2025-06-11,2025-06-11,settled,,fixed,
event_134,user_02,expense,Cinema and events,entertainment,debit,1193699.1,IDR,2025-06-15,2025-06-15,settled,,reducible,670700.0
event_135,user_02,subscription,Shared storage plan,cloud_storage,debit,369550.0,IDR,2025-06-13,2025-06-13,settled,,stoppable,
event_136,user_02,income,Payroll credit,salary,credit,33345000.0,IDR,2025-07-15,2025-07-15,settled,,fixed,
event_137,user_02,expense,Home repair reserve,housing,debit,3534000.0,IDR,2025-07-04,2025-07-04,settled,,fixed,
event_138,user_02,expense,Municipal utilities,utilities,debit,2141849.94,IDR,2025-07-07,2025-07-07,settled,,fixed,
event_139,user_02,expense,Household insurance,insurance,debit,1132400.0,IDR,2025-07-08,2025-07-08,settled,,fixed,
event_140,user_02,expense,Course tuition,education,debit,3040000.0,IDR,2025-07-09,2025-07-09,settled,,fixed,
event_141,user_02,expense,Clinic payment,healthcare,debit,1538498.1,IDR,2025-07-11,2025-07-11,settled,,fixed,
event_142,user_02,expense,Cinema and events,entertainment,debit,1352563.79,IDR,2025-07-15,2025-07-15,settled,,reducible,670700.0
event_143,user_02,subscription,Shared storage plan,cloud_storage,debit,369550.0,IDR,2025-07-13,2025-07-13,settled,,stoppable,
event_144,user_02,expense,Home repair reserve,housing,debit,3534000.0,IDR,2025-08-04,2025-08-04,settled,,fixed,
event_145,user_02,expense,Grocery delivery,groceries,debit,2477697.53,IDR,2025-02-10,2025-02-10,settled,,fixed,
event_146,user_02,expense,Bulk pantry shop,groceries,debit,1667911.86,IDR,2025-02-20,2025-02-20,settled,,fixed,
event_147,user_02,expense,Weekly produce market,groceries,debit,1418745.34,IDR,2025-03-02,2025-03-02,settled,,fixed,
event_148,user_02,expense,Neighbourhood grocer,groceries,debit,1455258.76,IDR,2025-03-12,2025-03-12,settled,,fixed,
event_149,user_02,expense,Household groceries,groceries,debit,1920485.7,IDR,2025-03-22,2025-03-22,settled,,fixed,
event_150,user_02,expense,Household groceries,groceries,debit,1630631.42,IDR,2025-04-01,2025-04-01,settled,,fixed,
event_151,user_02,expense,Bulk pantry shop,groceries,debit,1664708.05,IDR,2025-04-11,2025-04-11,settled,,fixed,
event_152,user_02,expense,Household groceries,groceries,debit,1478895.05,IDR,2025-04-21,2025-04-21,settled,,fixed,
event_153,user_02,expense,Local market purchase,groceries,debit,2192475.45,IDR,2025-05-01,2025-05-01,settled,,fixed,
event_154,user_02,expense,Supermarket basket,groceries,debit,1852958.27,IDR,2025-05-11,2025-05-11,settled,,fixed,
event_155,user_02,expense,Neighbourhood grocer,groceries,debit,2030400.43,IDR,2025-05-21,2025-05-21,settled,,fixed,
event_156,user_02,expense,Local market purchase,groceries,debit,1611886.08,IDR,2025-05-31,2025-05-31,settled,,fixed,
event_157,user_02,expense,Neighbourhood grocer,groceries,debit,2158165.32,IDR,2025-06-10,2025-06-10,settled,,fixed,
event_158,user_02,expense,Grocery delivery,groceries,debit,2222527.88,IDR,2025-06-20,2025-06-20,settled,,fixed,
event_159,user_02,expense,Household groceries,groceries,debit,2079368.25,IDR,2025-06-30,2025-06-30,settled,,fixed,
event_160,user_02,expense,Local market purchase,groceries,debit,2218141.61,IDR,2025-07-10,2025-07-10,settled,,fixed,
event_161,user_02,expense,Fresh food shop,groceries,debit,2365919.6,IDR,2025-07-20,2025-07-20,settled,,fixed,
event_162,user_02,expense,Supermarket basket,groceries,debit,1913686.86,IDR,2025-07-30,2025-07-30,settled,,fixed,
event_163,user_02,expense,Fuel refill,transport,debit,1373039.34,IDR,2025-02-11,2025-02-11,settled,,fixed,
event_164,user_02,expense,Rail pass,transport,debit,995704.83,IDR,2025-02-25,2025-02-25,settled,,fixed,
event_165,user_02,expense,Metro and bus fares,transport,debit,1062246.98,IDR,2025-03-11,2025-03-11,settled,,fixed,
event_166,user_02,expense,Ride-hailing trip,transport,debit,1053078.61,IDR,2025-03-25,2025-03-25,settled,,fixed,
event_167,user_02,expense,Ride-hailing trip,transport,debit,1294200.86,IDR,2025-04-08,2025-04-08,settled,,fixed,
event_168,user_02,expense,Ride-hailing trip,transport,debit,1440242.94,IDR,2025-04-22,2025-04-22,settled,,fixed,
event_169,user_02,expense,Vehicle charging,transport,debit,1021628.43,IDR,2025-05-06,2025-05-06,settled,,fixed,
event_170,user_02,expense,Commuter pass,transport,debit,1374936.26,IDR,2025-05-20,2025-05-20,settled,,fixed,
event_171,user_02,expense,Commuter pass,transport,debit,1329347.44,IDR,2025-06-03,2025-06-03,settled,,fixed,
event_172,user_02,expense,Commuter pass,transport,debit,1309608.46,IDR,2025-06-17,2025-06-17,settled,,fixed,
event_173,user_02,expense,Rail pass,transport,debit,1111352.32,IDR,2025-07-01,2025-07-01,settled,,fixed,
event_174,user_02,expense,Commuter pass,transport,debit,1327886.54,IDR,2025-07-15,2025-07-15,settled,,fixed,
event_175,user_02,expense,Metro and bus fares,transport,debit,1062310.27,IDR,2025-07-29,2025-07-29,settled,,fixed,
event_176,user_02,expense,Bakery and snacks,dining,debit,1166644.88,IDR,2025-02-12,2025-02-12,settled,,fixed,
event_177,user_02,expense,Coffee shop,dining,debit,1101709.76,IDR,2025-03-05,2025-03-05,settled,,fixed,
event_178,user_02,expense,Weekend food delivery,dining,debit,935929.08,IDR,2025-03-26,2025-03-26,settled,,fixed,
event_179,user_02,expense,Quick-service meal,dining,debit,1271076.93,IDR,2025-04-16,2025-04-16,settled,,fixed,
event_180,user_02,expense,Takeaway order,dining,debit,971169.92,IDR,2025-05-07,2025-05-07,settled,,fixed,
event_181,user_02,expense,Neighbourhood restaurant,dining,debit,1111388.15,IDR,2025-05-28,2025-05-28,settled,,fixed,
event_182,user_02,expense,Bakery and snacks,dining,debit,947892.35,IDR,2025-06-18,2025-06-18,settled,,fixed,
event_183,user_02,expense,Family dinner,dining,debit,1043758.65,IDR,2025-07-09,2025-07-09,settled,,fixed,
event_184,user_02,expense,Bakery and snacks,dining,debit,1204805.34,IDR,2025-07-30,2025-07-30,settled,,fixed,
event_185,user_02,expense,Pending merchant debit,shopping,debit,1651100.0,IDR,2025-08-04,2025-08-08,pending,,fixed,
event_186,user_03,income,Payroll credit,salary,credit,4365000.0,IDR,2019-04-15,2019-04-15,settled,,fixed,
event_187,user_03,expense,Landlord standing order,rent,debit,1140000.0,IDR,2019-04-04,2019-04-04,settled,,fixed,
event_188,user_03,expense,Water and power payment,utilities,debit,295330.29,IDR,2019-04-08,2019-04-08,settled,,fixed,
event_189,user_03,subscription,Shared storage plan,cloud_storage,debit,20900.0,IDR,2019-04-14,2019-04-14,settled,,stoppable,
event_190,user_03,subscription,Video streaming plan,streaming,debit,117800.0,IDR,2019-04-11,2019-04-11,settled,,reducible_or_stoppable,58900.0
event_191,user_03,expense,Clothing and household items,shopping,debit,151493.37,IDR,2019-04-14,2019-04-14,settled,,reducible,66120.0
event_192,user_03,income,Payroll credit,salary,credit,4365000.0,IDR,2019-05-15,2019-05-15,settled,,fixed,
event_193,user_03,expense,Landlord standing order,rent,debit,1140000.0,IDR,2019-05-04,2019-05-04,settled,,fixed,
event_194,user_03,expense,Water and power payment,utilities,debit,290684.15,IDR,2019-05-08,2019-05-08,settled,,fixed,
event_195,user_03,subscription,Shared storage plan,cloud_storage,debit,20900.0,IDR,2019-05-14,2019-05-14,settled,,stoppable,
event_196,user_03,subscription,Video streaming plan,streaming,debit,117800.0,IDR,2019-05-11,2019-05-11,settled,,reducible_or_stoppable,58900.0
event_197,user_03,expense,Clothing and household items,shopping,debit,184274.02,IDR,2019-05-14,2019-05-14,settled,,reducible,66120.0
event_198,user_03,income,Payroll credit,salary,credit,4365000.0,IDR,2019-06-15,2019-06-15,settled,,fixed,
event_199,user_03,expense,Landlord standing order,rent,debit,1140000.0,IDR,2019-06-04,2019-06-04,settled,,fixed,
event_200,user_03,expense,Water and power payment,utilities,debit,270537.63,IDR,2019-06-08,2019-06-08,settled,,fixed,
event_201,user_03,subscription,Shared storage plan,cloud_storage,debit,20900.0,IDR,2019-06-14,2019-06-14,settled,,stoppable,
event_202,user_03,subscription,Video streaming plan,streaming,debit,117800.0,IDR,2019-06-11,2019-06-11,settled,,reducible_or_stoppable,58900.0
event_203,user_03,expense,Clothing and household items,shopping,debit,153395.26,IDR,2019-06-14,2019-06-14,settled,,reducible,66120.0
event_204,user_03,income,Payroll credit,salary,credit,4365000.0,IDR,2019-07-15,2019-07-15,settled,,fixed,
event_205,user_03,expense,Landlord standing order,rent,debit,1140000.0,IDR,2019-07-04,2019-07-04,settled,,fixed,
event_206,user_03,expense,Water and power payment,utilities,debit,303042.45,IDR,2019-07-08,2019-07-08,settled,,fixed,
event_207,user_03,subscription,Shared storage plan,cloud_storage,debit,20900.0,IDR,2019-07-14,2019-07-14,settled,,stoppable,
event_208,user_03,subscription,Video streaming plan,streaming,debit,117800.0,IDR,2019-07-11,2019-07-11,settled,,reducible_or_stoppable,58900.0
event_209,user_03,expense,Clothing and household items,shopping,debit,173930.81,IDR,2019-07-14,2019-07-14,settled,,reducible,66120.0
event_210,user_03,income,Payroll credit,salary,credit,4365000.0,IDR,2019-08-15,2019-08-15,settled,,fixed,
event_211,user_03,income,Promotion arrears payment,salary,credit,1964250.0,IDR,2019-08-20,2019-08-20,settled,,fixed,
event_212,user_03,expense,Landlord standing order,rent,debit,1140000.0,IDR,2019-08-04,2019-08-04,settled,,fixed,
event_213,user_03,expense,Water and power payment,utilities,debit,262344.55,IDR,2019-08-08,2019-08-08,settled,,fixed,
event_214,user_03,subscription,Shared storage plan,cloud_storage,debit,20900.0,IDR,2019-08-14,2019-08-14,settled,,stoppable,
event_215,user_03,subscription,Video streaming plan,streaming,debit,117800.0,IDR,2019-08-11,2019-08-11,settled,,reducible_or_stoppable,58900.0
event_216,user_03,expense,Clothing and household items,shopping,debit,180395.29,IDR,2019-08-14,2019-08-14,settled,,reducible,66120.0
event_217,user_03,expense,Bulk pantry shop,groceries,debit,159576.52,IDR,2019-03-12,2019-03-12,settled,,fixed,
event_218,user_03,expense,Bulk pantry shop,groceries,debit,234390.87,IDR,2019-03-22,2019-03-22,settled,,fixed,
event_219,user_03,expense,Bulk pantry shop,groceries,debit,230312.98,IDR,2019-04-01,2019-04-01,settled,,fixed,
event_220,user_03,expense,Supermarket basket,groceries,debit,234602.65,IDR,2019-04-11,2019-04-11,settled,,fixed,
event_221,user_03,expense,Neighbourhood grocer,groceries,debit,209875.85,IDR,2019-04-21,2019-04-21,settled,,fixed,
event_222,user_03,expense,Weekly produce market,groceries,debit,178469.49,IDR,2019-05-01,2019-05-01,settled,,fixed,
event_223,user_03,expense,Weekly produce market,groceries,debit,180577.99,IDR,2019-05-11,2019-05-11,settled,,fixed,
event_224,user_03,expense,Household groceries,groceries,debit,155851.46,IDR,2019-05-21,2019-05-21,settled,,fixed,
event_225,user_03,expense,Grocery delivery,groceries,debit,188355.72,IDR,2019-05-31,2019-05-31,settled,,fixed,
event_226,user_03,expense,Household groceries,groceries,debit,166710.61,IDR,2019-06-10,2019-06-10,settled,,fixed,
event_227,user_03,expense,Grocery delivery,groceries,debit,171495.67,IDR,2019-06-20,2019-06-20,settled,,fixed,
event_228,user_03,expense,Supermarket basket,groceries,debit,145691.38,IDR,2019-06-30,2019-06-30,settled,,fixed,
event_229,user_03,expense,Supermarket basket,groceries,debit,171259.18,IDR,2019-07-10,2019-07-10,settled,,fixed,
event_230,user_03,expense,Local market purchase,groceries,debit,173004.74,IDR,2019-07-20,2019-07-20,settled,,fixed,
event_231,user_03,expense,Supermarket basket,groceries,debit,214266.98,IDR,2019-07-30,2019-07-30,settled,,fixed,
event_232,user_03,expense,Weekly produce market,groceries,debit,221578.88,IDR,2019-08-09,2019-08-09,settled,,fixed,
event_233,user_03,expense,Local market purchase,groceries,debit,240706.45,IDR,2019-08-19,2019-08-19,settled,,fixed,
event_234,user_03,expense,Neighbourhood grocer,groceries,debit,200238.72,IDR,2019-08-29,2019-08-29,settled,,fixed,
event_235,user_03,expense,Parking and tolls,transport,debit,81510.25,IDR,2019-03-13,2019-03-13,settled,,fixed,
event_236,user_03,expense,Parking and tolls,transport,debit,116319.21,IDR,2019-04-03,2019-04-03,settled,,fixed,
event_237,user_03,expense,Commuter pass,transport,debit,71790.29,IDR,2019-04-24,2019-04-24,settled,,fixed,
event_238,user_03,expense,Fuel refill,transport,debit,73531.06,IDR,2019-05-15,2019-05-15,settled,,fixed,
event_239,user_03,expense,Parking and tolls,transport,debit,106806.88,IDR,2019-06-05,2019-06-05,settled,,fixed,
event_240,user_03,expense,Vehicle charging,transport,debit,79693.97,IDR,2019-06-26,2019-06-26,settled,,fixed,
event_241,user_03,expense,Metro and bus fares,transport,debit,83523.33,IDR,2019-07-17,2019-07-17,settled,,fixed,
event_242,user_03,expense,Metro and bus fares,transport,debit,99961.13,IDR,2019-08-07,2019-08-07,settled,,fixed,
event_243,user_03,expense,Rail pass,transport,debit,106233.46,IDR,2019-08-28,2019-08-28,settled,,fixed,
event_244,user_03,expense,Bakery and snacks,dining,debit,117456.78,IDR,2019-03-09,2019-03-09,settled,,fixed,
event_245,user_03,expense,Bakery and snacks,dining,debit,141412.46,IDR,2019-03-30,2019-03-30,settled,,fixed,
event_246,user_03,expense,Quick-service meal,dining,debit,146236.28,IDR,2019-04-20,2019-04-20,settled,,fixed,
event_247,user_03,expense,Coffee shop,dining,debit,132247.64,IDR,2019-05-11,2019-05-11,settled,,fixed,
event_248,user_03,expense,Lunch with colleagues,dining,debit,158476.5,IDR,2019-06-01,2019-06-01,settled,,fixed,
event_249,user_03,expense,Takeaway order,dining,debit,175170.67,IDR,2019-06-22,2019-06-22,settled,,fixed,
event_250,user_03,expense,Quick-service meal,dining,debit,171303.21,IDR,2019-07-13,2019-07-13,settled,,fixed,
event_251,user_03,expense,Lunch with colleagues,dining,debit,171191.99,IDR,2019-08-03,2019-08-03,settled,,fixed,
event_252,user_03,expense,Coffee shop,dining,debit,135718.35,IDR,2019-08-24,2019-08-24,settled,,fixed,
event_253,user_03,income,August 2019 net salary,salary,credit,,IDR,2019-08-31,2019-08-31,settled,,fixed,
event_254,user_03,expense,Pending pharmacy card charge,healthcare,debit,95000.0,IDR,2019-09-02,2019-09-07,pending,,fixed,
event_255,user_04,income,Payroll credit,salary,credit,38190000.0,IDR,2024-01-15,2024-01-15,settled,,fixed,
event_256,user_04,expense,Residential rent payment,rent,debit,12293000.0,IDR,2024-01-01,2024-01-01,settled,,fixed,
event_257,user_04,expense,Municipal utilities,utilities,debit,2017103.37,IDR,2024-01-05,2024-01-05,settled,,fixed,
event_258,user_04,subscription,Music service subscription,music_subscription,debit,332500.0,IDR,2024-01-10,2024-01-10,settled,,stoppable,
event_259,user_04,subscription,Food delivery membership,delivery_membership,debit,377150.0,IDR,2024-01-12,2024-01-12,settled,,fixed,
event_260,user_04,subscription,Gym membership,gym,debit,1027900.0,IDR,2024-01-09,2024-01-09,settled,,fixed,
event_261,user_04,expense,Local event tickets,entertainment,debit,1484369.68,IDR,2024-01-13,2024-01-13,settled,,reducible,692550.0
event_262,user_04,income,Payroll credit,salary,credit,38190000.0,IDR,2024-02-15,2024-02-15,settled,,fixed,
event_263,user_04,expense,Residential rent payment,rent,debit,12293000.0,IDR,2024-02-01,2024-02-01,settled,,fixed,
event_264,user_04,expense,Municipal utilities,utilities,debit,1981052.47,IDR,2024-02-05,2024-02-05,settled,,fixed,
event_265,user_04,subscription,Music service subscription,music_subscription,debit,332500.0,IDR,2024-02-10,2024-02-10,settled,,stoppable,
event_266,user_04,subscription,Food delivery membership,delivery_membership,debit,377150.0,IDR,2024-02-12,2024-02-12,settled,,fixed,
event_267,user_04,subscription,Gym membership,gym,debit,1027900.0,IDR,2024-02-09,2024-02-09,settled,,fixed,
event_268,user_04,expense,Local event tickets,entertainment,debit,1375854.05,IDR,2024-02-13,2024-02-13,settled,,reducible,692550.0
event_269,user_04,income,Payroll credit,salary,credit,38190000.0,IDR,2024-03-15,2024-03-15,settled,,fixed,
event_270,user_04,income,Quarterly performance bonus,salary,credit,10498464.28,IDR,2024-03-22,2024-03-22,settled,,fixed,
event_271,user_04,expense,Residential rent payment,rent,debit,12293000.0,IDR,2024-03-01,2024-03-01,settled,,fixed,
event_272,user_04,expense,Municipal utilities,utilities,debit,2033868.83,IDR,2024-03-05,2024-03-05,settled,,fixed,
event_273,user_04,subscription,Music service subscription,music_subscription,debit,332500.0,IDR,2024-03-10,2024-03-10,settled,,stoppable,
event_274,user_04,subscription,Food delivery membership,delivery_membership,debit,377150.0,IDR,2024-03-12,2024-03-12,settled,,fixed,
event_275,user_04,subscription,Gym membership,gym,debit,1027900.0,IDR,2024-03-09,2024-03-09,settled,,fixed,
event_276,user_04,expense,Local event tickets,entertainment,debit,1542620.0,IDR,2024-03-13,2024-03-13,settled,,reducible,692550.0
event_277,user_04,income,Payroll credit,salary,credit,38190000.0,IDR,2024-04-15,2024-04-15,settled,,fixed,
event_278,user_04,expense,Residential rent payment,rent,debit,12293000.0,IDR,2024-04-01,2024-04-01,settled,,fixed,
event_279,user_04,expense,Municipal utilities,utilities,debit,1980834.82,IDR,2024-04-05,2024-04-05,settled,,fixed,
event_280,user_04,subscription,Music service subscription,music_subscription,debit,332500.0,IDR,2024-04-10,2024-04-10,settled,,stoppable,
event_281,user_04,subscription,Food delivery membership,delivery_membership,debit,377150.0,IDR,2024-04-12,2024-04-12,settled,,fixed,
event_282,user_04,subscription,Gym membership,gym,debit,1027900.0,IDR,2024-04-09,2024-04-09,settled,,fixed,
event_283,user_04,expense,Local event tickets,entertainment,debit,1291303.65,IDR,2024-04-13,2024-04-13,settled,,reducible,692550.0
event_284,user_04,income,Payroll credit,salary,credit,38190000.0,IDR,2024-05-15,2024-05-15,settled,,fixed,
event_285,user_04,expense,Residential rent payment,rent,debit,12293000.0,IDR,2024-05-01,2024-05-01,settled,,fixed,
event_286,user_04,expense,Municipal utilities,utilities,debit,2004118.6,IDR,2024-05-05,2024-05-05,settled,,fixed,
event_287,user_04,subscription,Music service subscription,music_subscription,debit,332500.0,IDR,2024-05-10,2024-05-10,settled,,stoppable,
event_288,user_04,subscription,Food delivery membership,delivery_membership,debit,377150.0,IDR,2024-05-12,2024-05-12,settled,,fixed,
event_289,user_04,subscription,Gym membership,gym,debit,1027900.0,IDR,2024-05-09,2024-05-09,settled,,fixed,
event_290,user_04,expense,Local event tickets,entertainment,debit,1231859.39,IDR,2024-05-13,2024-05-13,settled,,reducible,692550.0
event_291,user_04,expense,Residential rent payment,rent,debit,12293000.0,IDR,2024-06-01,2024-06-01,settled,,fixed,
event_292,user_04,expense,Local market purchase,groceries,debit,1685953.79,IDR,2023-12-09,2023-12-09,settled,,fixed,
event_293,user_04,expense,Fresh food shop,groceries,debit,1749986.6,IDR,2023-12-16,2023-12-16,settled,,fixed,
event_294,user_04,expense,Bulk pantry shop,groceries,debit,1383275.31,IDR,2023-12-23,2023-12-23,settled,,fixed,
event_295,user_04,expense,Neighbourhood grocer,groceries,debit,1482897.31,IDR,2023-12-30,2023-12-30,settled,,fixed,
event_296,user_04,expense,Weekly produce market,groceries,debit,1818044.76,IDR,2024-01-06,2024-01-06,settled,,fixed,
event_297,user_04,expense,Local market purchase,groceries,debit,1413898.4,IDR,2024-01-13,2024-01-13,settled,,fixed,
event_298,user_04,expense,Household groceries,groceries,debit,1351288.83,IDR,2024-01-20,2024-01-20,settled,,fixed,
event_299,user_04,expense,Weekly produce market,groceries,debit,1178544.55,IDR,2024-01-27,2024-01-27,settled,,fixed,
event_300,user_04,expense,Neighbourhood grocer,groceries,debit,1697006.55,IDR,2024-02-03,2024-02-03,settled,,fixed,
event_301,user_04,expense,Weekly produce market,groceries,debit,1087788.82,IDR,2024-02-10,2024-02-10,settled,,fixed,
event_302,user_04,expense,Local market purchase,groceries,debit,1753801.95,IDR,2024-02-17,2024-02-17,settled,,fixed,
event_303,user_04,expense,Local market purchase,groceries,debit,1203621.92,IDR,2024-02-24,2024-02-24,settled,,fixed,
event_304,user_04,expense,Neighbourhood grocer,groceries,debit,1674003.66,IDR,2024-03-02,2024-03-02,settled,,fixed,
event_305,user_04,expense,Local market purchase,groceries,debit,1347842.61,IDR,2024-03-09,2024-03-09,settled,,fixed,
event_306,user_04,expense,Supermarket basket,groceries,debit,1453711.32,IDR,2024-03-16,2024-03-16,settled,,fixed,
event_307,user_04,expense,Supermarket basket,groceries,debit,1447770.09,IDR,2024-03-23,2024-03-23,settled,,fixed,
event_308,user_04,expense,Grocery delivery,groceries,debit,1261462.72,IDR,2024-03-30,2024-03-30,settled,,fixed,
event_309,user_04,expense,Grocery delivery,groceries,debit,1825667.28,IDR,2024-04-06,2024-04-06,settled,,fixed,
event_310,user_04,expense,Fresh food shop,groceries,debit,1184189.4,IDR,2024-04-13,2024-04-13,settled,,fixed,
event_311,user_04,expense,Bulk pantry shop,groceries,debit,1617937.79,IDR,2024-04-20,2024-04-20,settled,,fixed,
event_312,user_04,expense,Neighbourhood grocer,groceries,debit,1519414.73,IDR,2024-04-27,2024-04-27,settled,,fixed,
event_313,user_04,expense,Neighbourhood grocer,groceries,debit,1831437.58,IDR,2024-05-04,2024-05-04,settled,,fixed,
event_314,user_04,expense,Fresh food shop,groceries,debit,1698278.31,IDR,2024-05-11,2024-05-11,settled,,fixed,
event_315,user_04,expense,Grocery delivery,groceries,debit,1075064.04,IDR,2024-05-18,2024-05-18,settled,,fixed,
event_316,user_04,expense,Local market purchase,groceries,debit,1809752.54,IDR,2024-05-25,2024-05-25,settled,,fixed,
event_317,user_04,expense,Bulk pantry shop,groceries,debit,1433695.5,IDR,2024-06-01,2024-06-01,settled,,fixed,
event_318,user_04,expense,Fuel refill,transport,debit,649231.24,IDR,2023-12-10,2023-12-10,settled,,fixed,
event_319,user_04,expense,Local taxi,transport,debit,876705.51,IDR,2023-12-17,2023-12-17,settled,,fixed,
event_320,user_04,expense,Local taxi,transport,debit,825832.49,IDR,2023-12-24,2023-12-24,settled,,fixed,
event_321,user_04,expense,Ride-hailing trip,transport,debit,769694.2,IDR,2023-12-31,2023-12-31,settled,,fixed,
event_322,user_04,expense,Parking and tolls,transport,debit,841811.01,IDR,2024-01-07,2024-01-07,settled,,fixed,
event_323,user_04,expense,Fuel refill,transport,debit,820888.17,IDR,2024-01-14,2024-01-14,settled,,fixed,
event_324,user_04,expense,Fuel refill,transport,debit,870102.58,IDR,2024-01-21,2024-01-21,settled,,fixed,
event_325,user_04,expense,Metro and bus fares,transport,debit,1011616.29,IDR,2024-01-28,2024-01-28,settled,,fixed,
event_326,user_04,expense,Parking and tolls,transport,debit,596927.82,IDR,2024-02-04,2024-02-04,settled,,fixed,
event_327,user_04,expense,Metro and bus fares,transport,debit,595968.94,IDR,2024-02-11,2024-02-11,settled,,fixed,
event_328,user_04,expense,Fuel refill,transport,debit,954666.65,IDR,2024-02-18,2024-02-18,settled,,fixed,
event_329,user_04,expense,Fuel refill,transport,debit,843406.32,IDR,2024-02-25,2024-02-25,settled,,fixed,
event_330,user_04,expense,Ride-hailing trip,transport,debit,589707.32,IDR,2024-03-03,2024-03-03,settled,,fixed,
event_331,user_04,expense,Vehicle charging,transport,debit,997182.25,IDR,2024-03-10,2024-03-10,settled,,fixed,
event_332,user_04,expense,Metro and bus fares,transport,debit,677221.86,IDR,2024-03-17,2024-03-17,settled,,fixed,
event_333,user_04,expense,Parking and tolls,transport,debit,889762.96,IDR,2024-03-24,2024-03-24,settled,,fixed,
event_334,user_04,expense,Local taxi,transport,debit,842011.07,IDR,2024-03-31,2024-03-31,settled,,fixed,
event_335,user_04,expense,Rail pass,transport,debit,1000668.29,IDR,2024-04-07,2024-04-07,settled,,fixed,
event_336,user_04,expense,Vehicle charging,transport,debit,935850.82,IDR,2024-04-14,2024-04-14,settled,,fixed,
event_337,user_04,expense,Parking and tolls,transport,debit,874634.88,IDR,2024-04-21,2024-04-21,settled,,fixed,
event_338,user_04,expense,Ride-hailing trip,transport,debit,766019.04,IDR,2024-04-28,2024-04-28,settled,,fixed,
event_339,user_04,expense,Ride-hailing trip,transport,debit,1030376.9,IDR,2024-05-05,2024-05-05,settled,,fixed,
event_340,user_04,expense,Ride-hailing trip,transport,debit,912938.95,IDR,2024-05-12,2024-05-12,settled,,fixed,
event_341,user_04,expense,Ride-hailing trip,transport,debit,853091.62,IDR,2024-05-19,2024-05-19,settled,,fixed,
event_342,user_04,expense,Parking and tolls,transport,debit,602450.01,IDR,2024-05-26,2024-05-26,settled,,fixed,
event_343,user_04,expense,Rail pass,transport,debit,1016425.58,IDR,2024-06-02,2024-06-02,settled,,fixed,
event_344,user_04,expense,Neighbourhood restaurant,dining,debit,2111827.25,IDR,2023-12-11,2023-12-11,settled,,fixed,
event_345,user_04,expense,Neighbourhood restaurant,dining,debit,1839656.04,IDR,2023-12-25,2023-12-25,settled,,fixed,
event_346,user_04,expense,Takeaway order,dining,debit,1279029.86,IDR,2024-01-08,2024-01-08,settled,,fixed,
event_347,user_04,expense,Takeaway order,dining,debit,2067659.14,IDR,2024-01-22,2024-01-22,settled,,fixed,
event_348,user_04,expense,Weekend food delivery,dining,debit,1650545.96,IDR,2024-02-05,2024-02-05,settled,,fixed,
event_349,user_04,expense,Family dinner,dining,debit,1931412.81,IDR,2024-02-19,2024-02-19,settled,,fixed,
event_350,user_04,expense,Coffee shop,dining,debit,1551598.07,IDR,2024-03-04,2024-03-04,settled,,fixed,
event_351,user_04,expense,Family dinner,dining,debit,2102251.18,IDR,2024-03-18,2024-03-18,settled,,fixed,
event_352,user_04,expense,Neighbourhood restaurant,dining,debit,1282286.6,IDR,2024-04-01,2024-04-01,settled,,fixed,
event_353,user_04,expense,Bakery and snacks,dining,debit,1259307.64,IDR,2024-04-15,2024-04-15,settled,,fixed,
event_354,user_04,expense,Family dinner,dining,debit,1661337.11,IDR,2024-04-29,2024-04-29,settled,,fixed,
event_355,user_04,expense,Bakery and snacks,dining,debit,1886856.1,IDR,2024-05-13,2024-05-13,settled,,fixed,
event_356,user_04,expense,Quick-service meal,dining,debit,2108488.15,IDR,2024-05-27,2024-05-27,settled,,fixed,
event_357,user_04,expense,Scheduled school fee,education,debit,1704300.0,IDR,2024-06-04,2024-06-11,scheduled,,fixed,
event_358,user_05,income,Payroll credit,salary,credit,14740.0,ZAR,2025-06-15,2025-06-15,settled,,fixed,
event_359,user_05,expense,Apartment rent transfer,rent,debit,4972.0,ZAR,2025-06-02,2025-06-02,settled,,fixed,
event_360,user_05,expense,Municipal utilities,utilities,debit,604.15,ZAR,2025-06-06,2025-06-06,settled,,fixed,
event_361,user_05,debt_payment,Vehicle loan payment,debt_repayment,debit,968.0,ZAR,2025-06-11,2025-06-11,settled,,fixed,
event_362,user_05,expense,Therapy appointment,healthcare,debit,777.27,ZAR,2025-06-10,2025-06-10,settled,,fixed,
event_363,user_05,expense,Dependent care payment,family_support,debit,840.4,ZAR,2025-06-13,2025-06-13,settled,,fixed,
event_364,user_05,subscription,Cloud storage plan,cloud_storage,debit,113.3,ZAR,2025-06-12,2025-06-12,settled,,stoppable,
event_365,user_05,expense,Personal shopping,shopping,debit,379.94,ZAR,2025-06-12,2025-06-12,settled,,reducible,161.04
event_366,user_05,income,Payroll credit,salary,credit,14740.0,ZAR,2025-07-15,2025-07-15,settled,,fixed,
event_367,user_05,expense,Apartment rent transfer,rent,debit,4972.0,ZAR,2025-07-02,2025-07-02,settled,,fixed,
event_368,user_05,expense,Municipal utilities,utilities,debit,658.41,ZAR,2025-07-06,2025-07-06,settled,,fixed,
event_369,user_05,debt_payment,Vehicle loan payment,debt_repayment,debit,968.0,ZAR,2025-07-11,2025-07-11,settled,,fixed,
event_370,user_05,expense,Therapy appointment,healthcare,debit,641.37,ZAR,2025-07-10,2025-07-10,settled,,fixed,
event_371,user_05,expense,Dependent care payment,family_support,debit,840.4,ZAR,2025-07-13,2025-07-13,settled,,fixed,
event_372,user_05,subscription,Cloud storage plan,cloud_storage,debit,113.3,ZAR,2025-07-12,2025-07-12,settled,,stoppable,
event_373,user_05,expense,Personal shopping,shopping,debit,404.24,ZAR,2025-07-12,2025-07-12,settled,,reducible,161.04
event_374,user_05,income,Payroll credit,salary,credit,14740.0,ZAR,2025-08-15,2025-08-15,settled,,fixed,
event_375,user_05,expense,Apartment rent transfer,rent,debit,4972.0,ZAR,2025-08-02,2025-08-02,settled,,fixed,
event_376,user_05,expense,Municipal utilities,utilities,debit,750.89,ZAR,2025-08-06,2025-08-06,settled,,fixed,
event_377,user_05,debt_payment,Vehicle loan payment,debt_repayment,debit,968.0,ZAR,2025-08-11,2025-08-11,settled,,fixed,
event_378,user_05,expense,Therapy appointment,healthcare,debit,632.59,ZAR,2025-08-10,2025-08-10,settled,,fixed,
event_379,user_05,expense,Dependent care payment,family_support,debit,840.4,ZAR,2025-08-13,2025-08-13,settled,,fixed,
event_380,user_05,subscription,Cloud storage plan,cloud_storage,debit,113.3,ZAR,2025-08-12,2025-08-12,settled,,stoppable,
event_381,user_05,expense,Personal shopping,shopping,debit,422.67,ZAR,2025-08-12,2025-08-12,settled,,reducible,161.04
event_382,user_05,income,Payroll credit,salary,credit,14740.0,ZAR,2025-09-15,2025-09-15,settled,,fixed,
event_383,user_05,expense,Apartment rent transfer,rent,debit,4972.0,ZAR,2025-09-02,2025-09-02,settled,,fixed,
event_384,user_05,expense,Municipal utilities,utilities,debit,706.37,ZAR,2025-09-06,2025-09-06,settled,,fixed,
event_385,user_05,debt_payment,Vehicle loan payment,debt_repayment,debit,968.0,ZAR,2025-09-11,2025-09-11,settled,,fixed,
event_386,user_05,expense,Therapy appointment,healthcare,debit,721.44,ZAR,2025-09-10,2025-09-10,settled,,fixed,
event_387,user_05,expense,Dependent care payment,family_support,debit,840.4,ZAR,2025-09-13,2025-09-13,settled,,fixed,
event_388,user_05,subscription,Cloud storage plan,cloud_storage,debit,113.3,ZAR,2025-09-12,2025-09-12,settled,,stoppable,
event_389,user_05,expense,Personal shopping,shopping,debit,420.31,ZAR,2025-09-12,2025-09-12,settled,,reducible,161.04
event_390,user_05,income,Final employer payroll,salary,credit,14740.0,ZAR,2025-10-15,2025-10-15,settled,,fixed,
event_391,user_05,expense,Apartment rent transfer,rent,debit,4972.0,ZAR,2025-10-02,2025-10-02,settled,,fixed,
event_392,user_05,expense,Municipal utilities,utilities,debit,713.71,ZAR,2025-10-06,2025-10-06,settled,,fixed,
event_393,user_05,debt_payment,Vehicle loan payment,debt_repayment,debit,968.0,ZAR,2025-10-11,2025-10-11,settled,,fixed,
event_394,user_05,expense,Therapy appointment,healthcare,debit,722.37,ZAR,2025-10-10,2025-10-10,settled,,fixed,
event_395,user_05,expense,Dependent care payment,family_support,debit,840.4,ZAR,2025-10-13,2025-10-13,settled,,fixed,
event_396,user_05,subscription,Cloud storage plan,cloud_storage,debit,113.3,ZAR,2025-10-12,2025-10-12,settled,,stoppable,
event_397,user_05,expense,Personal shopping,shopping,debit,362.09,ZAR,2025-10-12,2025-10-12,settled,,reducible,161.04
event_398,user_05,expense,Apartment rent transfer,rent,debit,4972.0,ZAR,2025-11-02,2025-11-02,settled,,fixed,
event_399,user_05,expense,Supermarket basket,groceries,debit,784.81,ZAR,2025-05-13,2025-05-13,settled,,fixed,
event_400,user_05,expense,Household groceries,groceries,debit,818.16,ZAR,2025-05-20,2025-05-20,settled,,fixed,
event_401,user_05,expense,Local market purchase,groceries,debit,680.15,ZAR,2025-05-27,2025-05-27,settled,,fixed,
event_402,user_05,expense,Local market purchase,groceries,debit,530.44,ZAR,2025-06-03,2025-06-03,settled,,fixed,
event_403,user_05,expense,Weekly produce market,groceries,debit,695.96,ZAR,2025-06-10,2025-06-10,settled,,fixed,
event_404,user_05,expense,Grocery delivery,groceries,debit,835.0,ZAR,2025-06-17,2025-06-17,settled,,fixed,
event_405,user_05,expense,Grocery delivery,groceries,debit,635.23,ZAR,2025-06-24,2025-06-24,settled,,fixed,
event_406,user_05,expense,Supermarket basket,groceries,debit,661.93,ZAR,2025-07-01,2025-07-01,settled,,fixed,
event_407,user_05,expense,Bulk pantry shop,groceries,debit,567.19,ZAR,2025-07-08,2025-07-08,settled,,fixed,
event_408,user_05,expense,Neighbourhood grocer,groceries,debit,767.92,ZAR,2025-07-15,2025-07-15,settled,,fixed,
event_409,user_05,expense,Fresh food shop,groceries,debit,807.31,ZAR,2025-07-22,2025-07-22,settled,,fixed,
event_410,user_05,expense,Household groceries,groceries,debit,800.63,ZAR,2025-07-29,2025-07-29,settled,,fixed,
event_411,user_05,expense,Weekly produce market,groceries,debit,813.64,ZAR,2025-08-05,2025-08-05,settled,,fixed,
event_412,user_05,expense,Weekly produce market,groceries,debit,853.42,ZAR,2025-08-12,2025-08-12,settled,,fixed,
event_413,user_05,expense,Neighbourhood grocer,groceries,debit,773.83,ZAR,2025-08-19,2025-08-19,settled,,fixed,
event_414,user_05,expense,Household groceries,groceries,debit,845.02,ZAR,2025-08-26,2025-08-26,settled,,fixed,
event_415,user_05,expense,Fresh food shop,groceries,debit,762.65,ZAR,2025-09-02,2025-09-02,settled,,fixed,
event_416,user_05,expense,Grocery delivery,groceries,debit,515.4,ZAR,2025-09-09,2025-09-09,settled,,fixed,
event_417,user_05,expense,Local market purchase,groceries,debit,682.39,ZAR,2025-09-16,2025-09-16,settled,,fixed,
event_418,user_05,expense,Bulk pantry shop,groceries,debit,675.81,ZAR,2025-09-23,2025-09-23,settled,,fixed,
event_419,user_05,expense,Local market purchase,groceries,debit,547.6,ZAR,2025-09-30,2025-09-30,settled,,fixed,
event_420,user_05,expense,Household groceries,groceries,debit,826.66,ZAR,2025-10-07,2025-10-07,settled,,fixed,
event_421,user_05,expense,Grocery delivery,groceries,debit,768.64,ZAR,2025-10-14,2025-10-14,settled,,fixed,
event_422,user_05,expense,Neighbourhood grocer,groceries,debit,709.62,ZAR,2025-10-21,2025-10-21,settled,,fixed,
event_423,user_05,expense,Supermarket basket,groceries,debit,684.39,ZAR,2025-10-28,2025-10-28,settled,,fixed,
event_424,user_05,expense,Fresh food shop,groceries,debit,720.51,ZAR,2025-11-04,2025-11-04,settled,,fixed,
event_425,user_05,expense,Parking and tolls,transport,debit,489.31,ZAR,2025-05-14,2025-05-14,settled,,fixed,
event_426,user_05,expense,Fuel refill,transport,debit,424.26,ZAR,2025-05-28,2025-05-28,settled,,fixed,
event_427,user_05,expense,Local taxi,transport,debit,504.23,ZAR,2025-06-11,2025-06-11,settled,,fixed,
event_428,user_05,expense,Metro and bus fares,transport,debit,492.86,ZAR,2025-06-25,2025-06-25,settled,,fixed,
event_429,user_05,expense,Ride-hailing trip,transport,debit,363.28,ZAR,2025-07-09,2025-07-09,settled,,fixed,
event_430,user_05,expense,Metro and bus fares,transport,debit,311.0,ZAR,2025-07-23,2025-07-23,settled,,fixed,
event_431,user_05,expense,Fuel refill,transport,debit,431.81,ZAR,2025-08-06,2025-08-06,settled,,fixed,
event_432,user_05,expense,Parking and tolls,transport,debit,354.2,ZAR,2025-08-20,2025-08-20,settled,,fixed,
event_433,user_05,expense,Ride-hailing trip,transport,debit,485.59,ZAR,2025-09-03,2025-09-03,settled,,fixed,
event_434,user_05,expense,Vehicle charging,transport,debit,411.47,ZAR,2025-09-17,2025-09-17,settled,,fixed,
event_435,user_05,expense,Ride-hailing trip,transport,debit,377.26,ZAR,2025-10-01,2025-10-01,settled,,fixed,
event_436,user_05,expense,Metro and bus fares,transport,debit,352.46,ZAR,2025-10-15,2025-10-15,settled,,fixed,
event_437,user_05,expense,Rail pass,transport,debit,388.74,ZAR,2025-10-29,2025-10-29,settled,,fixed,
event_438,user_05,expense,Failed utility debit,utilities,debit,389.4,ZAR,2025-11-04,2025-11-04,failed,,fixed,
event_2289,user_26,income,Website project payment,salary,credit,15665368.16,IDR,2025-03-08,2025-03-08,settled,,fixed,
event_2290,user_26,income,Content contract payment,salary,credit,15189344.33,IDR,2025-03-22,2025-03-22,settled,,fixed,
event_2291,user_26,expense,Residential rent payment,rent,debit,10374000.0,IDR,2025-03-03,2025-03-03,settled,,fixed,
event_2292,user_26,expense,Water and power payment,utilities,debit,2031034.93,IDR,2025-03-07,2025-03-07,settled,,fixed,
event_2293,user_26,subscription,Cloud storage plan,cloud_storage,debit,214700.0,IDR,2025-03-13,2025-03-13,settled,,fixed,
event_2294,user_26,subscription,Video streaming plan,streaming,debit,560500.0,IDR,2025-03-10,2025-03-10,settled,,reducible_or_stoppable,280250.0
event_2295,user_26,expense,Clothing and household items,shopping,debit,1464056.31,IDR,2025-03-13,2025-03-13,settled,,fixed,
event_2296,user_26,income,Design contract payment,salary,credit,12009768.3,IDR,2025-04-08,2025-04-08,settled,,fixed,
event_2297,user_26,income,Content contract payment,salary,credit,12465196.73,IDR,2025-04-22,2025-04-22,settled,,fixed,
event_2298,user_26,expense,Residential rent payment,rent,debit,10374000.0,IDR,2025-04-03,2025-04-03,settled,,fixed,
event_2299,user_26,expense,Water and power payment,utilities,debit,1920158.26,IDR,2025-04-07,2025-04-07,settled,,fixed,
event_2300,user_26,subscription,Cloud storage plan,cloud_storage,debit,214700.0,IDR,2025-04-13,2025-04-13,settled,,fixed,
event_2301,user_26,subscription,Video streaming plan,streaming,debit,560500.0,IDR,2025-04-10,2025-04-10,settled,,reducible_or_stoppable,280250.0
event_2302,user_26,expense,Clothing and household items,shopping,debit,1465974.22,IDR,2025-04-13,2025-04-13,settled,,fixed,
event_2303,user_26,income,Website project payment,salary,credit,17700485.3,IDR,2025-05-08,2025-05-08,settled,,fixed,
event_2304,user_26,income,Independent work payment,salary,credit,16375355.63,IDR,2025-05-22,2025-05-22,settled,,fixed,
event_2305,user_26,expense,Residential rent payment,rent,debit,10374000.0,IDR,2025-05-03,2025-05-03,settled,,fixed,
event_2306,user_26,expense,Water and power payment,utilities,debit,2021261.52,IDR,2025-05-07,2025-05-07,settled,,fixed,
event_2307,user_26,subscription,Cloud storage plan,cloud_storage,debit,214700.0,IDR,2025-05-13,2025-05-13,settled,,fixed,
event_2308,user_26,subscription,Video streaming plan,streaming,debit,560500.0,IDR,2025-05-10,2025-05-10,settled,,reducible_or_stoppable,280250.0
event_2309,user_26,expense,Clothing and household items,shopping,debit,1335058.52,IDR,2025-05-13,2025-05-13,settled,,fixed,
event_2310,user_26,income,Freelance milestone payment,salary,credit,15282358.98,IDR,2025-06-08,2025-06-08,settled,,fixed,
event_2311,user_26,income,Application project payment,salary,credit,16728130.1,IDR,2025-06-22,2025-06-22,settled,,fixed,
event_2312,user_26,expense,Residential rent payment,rent,debit,10374000.0,IDR,2025-06-03,2025-06-03,settled,,fixed,
event_2313,user_26,expense,Water and power payment,utilities,debit,1786852.6,IDR,2025-06-07,2025-06-07,settled,,fixed,
event_2314,user_26,subscription,Cloud storage plan,cloud_storage,debit,214700.0,IDR,2025-06-13,2025-06-13,settled,,fixed,
event_2315,user_26,subscription,Video streaming plan,streaming,debit,560500.0,IDR,2025-06-10,2025-06-10,settled,,reducible_or_stoppable,280250.0
event_2316,user_26,expense,Clothing and household items,shopping,debit,1346357.78,IDR,2025-06-13,2025-06-13,settled,,fixed,
event_2317,user_26,income,Website project payment,salary,credit,9250911.66,IDR,2025-07-08,2025-07-08,settled,,fixed,
event_2318,user_26,income,Client retainer payment,salary,credit,8784637.15,IDR,2025-07-22,2025-07-22,settled,,fixed,
event_2319,user_26,expense,Residential rent payment,rent,debit,10374000.0,IDR,2025-07-03,2025-07-03,settled,,fixed,
event_2320,user_26,expense,Water and power payment,utilities,debit,2081148.84,IDR,2025-07-07,2025-07-07,settled,,fixed,
event_2321,user_26,subscription,Cloud storage plan,cloud_storage,debit,214700.0,IDR,2025-07-13,2025-07-13,settled,,fixed,
event_2322,user_26,subscription,Video streaming plan,streaming,debit,560500.0,IDR,2025-07-10,2025-07-10,settled,,reducible_or_stoppable,280250.0
event_2323,user_26,expense,Clothing and household items,shopping,debit,1241687.85,IDR,2025-07-13,2025-07-13,settled,,fixed,
event_2324,user_26,expense,Household groceries,groceries,debit,1272286.93,IDR,2025-02-08,2025-02-08,settled,,fixed,
event_2325,user_26,expense,Bulk pantry shop,groceries,debit,1187604.88,IDR,2025-02-18,2025-02-18,settled,,fixed,
event_2326,user_26,expense,Local market purchase,groceries,debit,1104670.55,IDR,2025-02-28,2025-02-28,settled,,fixed,
event_2327,user_26,expense,Local market purchase,groceries,debit,1284616.44,IDR,2025-03-10,2025-03-10,settled,,fixed,
event_2328,user_26,expense,Neighbourhood grocer,groceries,debit,913664.59,IDR,2025-03-20,2025-03-20,settled,,fixed,
event_2329,user_26,expense,Local market purchase,groceries,debit,1278730.52,IDR,2025-03-30,2025-03-30,settled,,fixed,
event_2330,user_26,expense,Neighbourhood grocer,groceries,debit,844694.38,IDR,2025-04-09,2025-04-09,settled,,fixed,
event_2331,user_26,expense,Bulk pantry shop,groceries,debit,1075544.02,IDR,2025-04-19,2025-04-19,settled,,fixed,
event_2332,user_26,expense,Bulk pantry shop,groceries,debit,1317793.77,IDR,2025-04-29,2025-04-29,settled,,fixed,
event_2333,user_26,expense,Household groceries,groceries,debit,1452744.4,IDR,2025-05-09,2025-05-09,settled,,fixed,
event_2334,user_26,expense,Supermarket basket,groceries,debit,1463040.01,IDR,2025-05-19,2025-05-19,settled,,fixed,
event_2335,user_26,expense,Supermarket basket,groceries,debit,1171160.69,IDR,2025-05-29,2025-05-29,settled,,fixed,
event_2336,user_26,expense,Bulk pantry shop,groceries,debit,1197331.19,IDR,2025-06-08,2025-06-08,settled,,fixed,
event_2337,user_26,expense,Local market purchase,groceries,debit,1322230.21,IDR,2025-06-18,2025-06-18,settled,,fixed,
event_2338,user_26,expense,Weekly produce market,groceries,debit,867897.58,IDR,2025-06-28,2025-06-28,settled,,fixed,
event_2339,user_26,expense,Grocery delivery,groceries,debit,858282.28,IDR,2025-07-08,2025-07-08,settled,,fixed,
event_2340,user_26,expense,Fresh food shop,groceries,debit,987717.99,IDR,2025-07-18,2025-07-18,settled,,fixed,
event_2341,user_26,expense,Local market purchase,groceries,debit,1164380.05,IDR,2025-07-28,2025-07-28,settled,,fixed,
event_2342,user_26,expense,Rail pass,transport,debit,559929.41,IDR,2025-02-09,2025-02-09,settled,,fixed,
event_2343,user_26,expense,Parking and tolls,transport,debit,880731.59,IDR,2025-03-02,2025-03-02,settled,,fixed,
event_2344,user_26,expense,Vehicle charging,transport,debit,563023.31,IDR,2025-03-23,2025-03-23,settled,,fixed,
event_2345,user_26,expense,Metro and bus fares,transport,debit,733311.86,IDR,2025-04-13,2025-04-13,settled,,fixed,
event_2346,user_26,expense,Fuel refill,transport,debit,713065.46,IDR,2025-05-04,2025-05-04,settled,,fixed,
event_2347,user_26,expense,Vehicle charging,transport,debit,715741.39,IDR,2025-05-25,2025-05-25,settled,,fixed,
event_2348,user_26,expense,Local taxi,transport,debit,899350.99,IDR,2025-06-15,2025-06-15,settled,,fixed,
event_2349,user_26,expense,Metro and bus fares,transport,debit,924411.52,IDR,2025-07-06,2025-07-06,settled,,fixed,
event_2350,user_26,expense,Parking and tolls,transport,debit,592159.83,IDR,2025-07-27,2025-07-27,settled,,fixed,
event_2351,user_26,expense,Bakery and snacks,dining,debit,950137.92,IDR,2025-02-10,2025-02-10,settled,,fixed,
event_2352,user_26,expense,Coffee shop,dining,debit,708193.07,IDR,2025-03-03,2025-03-03,settled,,fixed,
event_2353,user_26,expense,Quick-service meal,dining,debit,747988.04,IDR,2025-03-24,2025-03-24,settled,,fixed,
event_2354,user_26,expense,Coffee shop,dining,debit,888704.7,IDR,2025-04-14,2025-04-14,settled,,fixed,
event_2355,user_26,expense,Takeaway order,dining,debit,759912.71,IDR,2025-05-05,2025-05-05,settled,,fixed,
event_2356,user_26,expense,Family dinner,dining,debit,766643.61,IDR,2025-05-26,2025-05-26,settled,,fixed,
event_2357,user_26,expense,Neighbourhood restaurant,dining,debit,756269.96,IDR,2025-06-16,2025-06-16,settled,,fixed,
event_2358,user_26,expense,Quick-service meal,dining,debit,700278.86,IDR,2025-07-07,2025-07-07,settled,,fixed,
event_2359,user_26,expense,Takeaway order,dining,debit,932713.32,IDR,2025-07-28,2025-07-28,settled,,fixed,
event_2360,user_26,expense,Card charge later reversed,shopping,debit,769500.0,IDR,2025-06-26,2025-06-27,settled,,fixed,
event_2361,user_26,refund,Settled card charge reversal,shopping,credit,769500.0,IDR,2025-06-29,2025-06-30,settled,event_2360,fixed,
event_2362,user_26,expense,Card authorization,shopping,debit,1077300.0,IDR,2025-07-16,2025-07-18,cancelled,,fixed,
event_2363,user_26,expense,Settled card purchase,shopping,debit,1077300.0,IDR,2025-07-18,2025-07-19,settled,event_2362,fixed,
event_2364,user_26,expense,Cancelled booking authorization,shopping,debit,866400.0,IDR,2025-07-30,2025-07-31,cancelled,,fixed,
event_2365,user_27,income,Delivery platform payout,salary,credit,8889.72,ZAR,2026-02-05,2026-02-05,settled,,fixed,
event_2366,user_27,income,Task marketplace payout,salary,credit,10012.65,ZAR,2026-02-12,2026-02-12,settled,,fixed,
event_2367,user_27,income,Weekly app earnings,salary,credit,8237.81,ZAR,2026-02-19,2026-02-19,settled,,fixed,
event_2368,user_27,income,Weekly app earnings,salary,credit,8598.13,ZAR,2026-02-26,2026-02-26,settled,,fixed,
event_2369,user_27,expense,Monthly rent,rent,debit,8360.0,ZAR,2026-02-04,2026-02-04,settled,,fixed,
event_2370,user_27,expense,Municipal utilities,utilities,debit,1834.93,ZAR,2026-02-08,2026-02-08,settled,,fixed,
event_2371,user_27,subscription,Audio streaming plan,music_subscription,debit,344.3,ZAR,2026-02-13,2026-02-13,settled,,fixed,
event_2372,user_27,subscription,Delivery service plan,delivery_membership,debit,401.5,ZAR,2026-02-15,2026-02-15,settled,,stoppable,
event_2373,user_27,subscription,Community fitness plan,gym,debit,611.6,ZAR,2026-02-12,2026-02-12,settled,,fixed,
event_2374,user_27,expense,Weekend entertainment,entertainment,debit,1211.57,ZAR,2026-02-16,2026-02-16,settled,,fixed,
event_2375,user_27,income,Weekly app earnings,salary,credit,6123.58,ZAR,2026-03-05,2026-03-05,settled,,fixed,
event_2376,user_27,income,Weekly app earnings,salary,credit,5780.26,ZAR,2026-03-12,2026-03-12,settled,,fixed,
event_2377,user_27,income,Weekly app earnings,salary,credit,9943.4,ZAR,2026-03-19,2026-03-19,settled,,fixed,
event_2378,user_27,income,Delivery platform payout,salary,credit,6497.52,ZAR,2026-03-26,2026-03-26,settled,,fixed,
event_2379,user_27,expense,Monthly rent,rent,debit,8360.0,ZAR,2026-03-04,2026-03-04,settled,,fixed,
event_2380,user_27,expense,Municipal utilities,utilities,debit,2189.78,ZAR,2026-03-08,2026-03-08,settled,,fixed,
event_2381,user_27,subscription,Audio streaming plan,music_subscription,debit,344.3,ZAR,2026-03-13,2026-03-13,settled,,fixed,
event_2382,user_27,subscription,Delivery service plan,delivery_membership,debit,401.5,ZAR,2026-03-15,2026-03-15,settled,,stoppable,
event_2383,user_27,subscription,Community fitness plan,gym,debit,611.6,ZAR,2026-03-12,2026-03-12,settled,,fixed,
event_2384,user_27,expense,Weekend entertainment,entertainment,debit,1204.44,ZAR,2026-03-16,2026-03-16,settled,,fixed,
event_2385,user_27,income,Weekly app earnings,salary,credit,8636.57,ZAR,2026-04-05,2026-04-05,settled,,fixed,
event_2386,user_27,income,Delivery platform payout,salary,credit,9823.12,ZAR,2026-04-12,2026-04-12,settled,,fixed,
event_2387,user_27,income,Driver platform payout,salary,credit,8232.97,ZAR,2026-04-19,2026-04-19,settled,,fixed,
event_2388,user_27,income,Driver platform payout,salary,credit,6286.27,ZAR,2026-04-26,2026-04-26,settled,,fixed,
event_2389,user_27,expense,Monthly rent,rent,debit,8360.0,ZAR,2026-04-04,2026-04-04,settled,,fixed,
event_2390,user_27,expense,Municipal utilities,utilities,debit,2123.65,ZAR,2026-04-08,2026-04-08,settled,,fixed,
event_2391,user_27,subscription,Audio streaming plan,music_subscription,debit,344.3,ZAR,2026-04-13,2026-04-13,settled,,fixed,
event_2392,user_27,subscription,Delivery service plan,delivery_membership,debit,401.5,ZAR,2026-04-15,2026-04-15,settled,,stoppable,
event_2393,user_27,subscription,Community fitness plan,gym,debit,611.6,ZAR,2026-04-12,2026-04-12,settled,,fixed,
event_2394,user_27,expense,Weekend entertainment,entertainment,debit,1257.93,ZAR,2026-04-16,2026-04-16,settled,,fixed,
event_2395,user_27,income,Weekly app earnings,salary,credit,9996.09,ZAR,2026-05-05,2026-05-05,settled,,fixed,
event_2396,user_27,income,Delivery platform payout,salary,credit,10460.18,ZAR,2026-05-12,2026-05-12,settled,,fixed,
event_2397,user_27,income,Weekly app earnings,salary,credit,10169.29,ZAR,2026-05-19,2026-05-19,settled,,fixed,
event_2398,user_27,income,Task marketplace payout,salary,credit,6273.02,ZAR,2026-05-26,2026-05-26,settled,,fixed,
event_2399,user_27,expense,Monthly rent,rent,debit,8360.0,ZAR,2026-05-04,2026-05-04,settled,,fixed,
event_2400,user_27,expense,Municipal utilities,utilities,debit,2084.27,ZAR,2026-05-08,2026-05-08,settled,,fixed,
event_2401,user_27,subscription,Audio streaming plan,music_subscription,debit,344.3,ZAR,2026-05-13,2026-05-13,settled,,fixed,
event_2402,user_27,subscription,Delivery service plan,delivery_membership,debit,401.5,ZAR,2026-05-15,2026-05-15,settled,,stoppable,
event_2403,user_27,subscription,Community fitness plan,gym,debit,611.6,ZAR,2026-05-12,2026-05-12,settled,,fixed,
event_2404,user_27,expense,Weekend entertainment,entertainment,debit,1240.82,ZAR,2026-05-16,2026-05-16,settled,,fixed,
event_2405,user_27,income,Delivery platform payout,salary,credit,7962.61,ZAR,2026-06-05,2026-06-05,settled,,fixed,
event_2406,user_27,income,Weekly app earnings,salary,credit,5959.02,ZAR,2026-06-12,2026-06-12,settled,,fixed,
event_2407,user_27,income,Driver platform payout,salary,credit,10716.93,ZAR,2026-06-19,2026-06-19,settled,,fixed,
event_2408,user_27,income,Weekly app earnings,salary,credit,7599.99,ZAR,2026-06-26,2026-06-26,settled,,fixed,
event_2409,user_27,expense,Monthly rent,rent,debit,8360.0,ZAR,2026-06-04,2026-06-04,settled,,fixed,
event_2410,user_27,expense,Municipal utilities,utilities,debit,1901.63,ZAR,2026-06-08,2026-06-08,settled,,fixed,
event_2411,user_27,subscription,Audio streaming plan,music_subscription,debit,344.3,ZAR,2026-06-13,2026-06-13,settled,,fixed,
event_2412,user_27,subscription,Delivery service plan,delivery_membership,debit,401.5,ZAR,2026-06-15,2026-06-15,settled,,stoppable,
event_2413,user_27,subscription,Community fitness plan,gym,debit,611.6,ZAR,2026-06-12,2026-06-12,settled,,fixed,
event_2414,user_27,expense,Weekend entertainment,entertainment,debit,1186.49,ZAR,2026-06-16,2026-06-16,settled,,fixed,
event_2415,user_27,expense,Monthly rent,rent,debit,8360.0,ZAR,2026-07-04,2026-07-04,settled,,fixed,
event_2416,user_27,expense,Bulk pantry shop,groceries,debit,1018.68,ZAR,2026-01-11,2026-01-11,settled,,fixed,
event_2417,user_27,expense,Household groceries,groceries,debit,1317.42,ZAR,2026-01-18,2026-01-18,settled,,fixed,
event_2418,user_27,expense,Supermarket basket,groceries,debit,1474.35,ZAR,2026-01-25,2026-01-25,settled,,fixed,
event_2419,user_27,expense,Fresh food shop,groceries,debit,1549.98,ZAR,2026-02-01,2026-02-01,settled,,fixed,
event_2420,user_27,expense,Grocery delivery,groceries,debit,900.66,ZAR,2026-02-08,2026-02-08,settled,,fixed,
event_2421,user_27,expense,Supermarket basket,groceries,debit,1369.53,ZAR,2026-02-15,2026-02-15,settled,,fixed,
event_2422,user_27,expense,Household groceries,groceries,debit,1110.88,ZAR,2026-02-22,2026-02-22,settled,,fixed,
event_2423,user_27,expense,Neighbourhood grocer,groceries,debit,1494.99,ZAR,2026-03-01,2026-03-01,settled,,fixed,
event_2424,user_27,expense,Weekly produce market,groceries,debit,1516.37,ZAR,2026-03-08,2026-03-08,settled,,fixed,
event_2425,user_27,expense,Supermarket basket,groceries,debit,1221.89,ZAR,2026-03-15,2026-03-15,settled,,fixed,
event_2426,user_27,expense,Supermarket basket,groceries,debit,1230.73,ZAR,2026-03-22,2026-03-22,settled,,fixed,
event_2427,user_27,expense,Supermarket basket,groceries,debit,1093.03,ZAR,2026-03-29,2026-03-29,settled,,fixed,
event_2428,user_27,expense,Bulk pantry shop,groceries,debit,1431.91,ZAR,2026-04-05,2026-04-05,settled,,fixed,
event_2429,user_27,expense,Neighbourhood grocer,groceries,debit,1324.18,ZAR,2026-04-12,2026-04-12,settled,,fixed,
event_2430,user_27,expense,Bulk pantry shop,groceries,debit,1273.9,ZAR,2026-04-19,2026-04-19,settled,,fixed,
event_2431,user_27,expense,Grocery delivery,groceries,debit,1154.39,ZAR,2026-04-26,2026-04-26,settled,,fixed,
event_2432,user_27,expense,Household groceries,groceries,debit,927.62,ZAR,2026-05-03,2026-05-03,settled,,fixed,
event_2433,user_27,expense,Neighbourhood grocer,groceries,debit,995.77,ZAR,2026-05-10,2026-05-10,settled,,fixed,
event_2434,user_27,expense,Bulk pantry shop,groceries,debit,1227.54,ZAR,2026-05-17,2026-05-17,settled,,fixed,
event_2435,user_27,expense,Neighbourhood grocer,groceries,debit,1107.78,ZAR,2026-05-24,2026-05-24,settled,,fixed,
event_2436,user_27,expense,Supermarket basket,groceries,debit,1365.49,ZAR,2026-05-31,2026-05-31,settled,,fixed,
event_2437,user_27,expense,Fresh food shop,groceries,debit,1098.58,ZAR,2026-06-07,2026-06-07,settled,,fixed,
event_2438,user_27,expense,Supermarket basket,groceries,debit,1101.74,ZAR,2026-06-14,2026-06-14,settled,,fixed,
event_2439,user_27,expense,Bulk pantry shop,groceries,debit,1261.31,ZAR,2026-06-21,2026-06-21,settled,,fixed,
event_2440,user_27,expense,Supermarket basket,groceries,debit,958.31,ZAR,2026-06-28,2026-06-28,settled,,fixed,
event_2441,user_27,expense,Fuel refill,transport,debit,751.29,ZAR,2026-01-12,2026-01-12,settled,,fixed,
event_2442,user_27,expense,Local taxi,transport,debit,528.25,ZAR,2026-01-19,2026-01-19,settled,,fixed,
event_2443,user_27,expense,Vehicle charging,transport,debit,609.97,ZAR,2026-01-26,2026-01-26,settled,,fixed,
event_2444,user_27,expense,Rail pass,transport,debit,821.62,ZAR,2026-02-02,2026-02-02,settled,,fixed,
event_2445,user_27,expense,Parking and tolls,transport,debit,811.01,ZAR,2026-02-09,2026-02-09,settled,,fixed,
event_2446,user_27,expense,Fuel refill,transport,debit,853.86,ZAR,2026-02-16,2026-02-16,settled,,fixed,
event_2447,user_27,expense,Vehicle charging,transport,debit,752.36,ZAR,2026-02-23,2026-02-23,settled,,fixed,
event_2448,user_27,expense,Commuter pass,transport,debit,618.32,ZAR,2026-03-02,2026-03-02,settled,,fixed,
event_2449,user_27,expense,Fuel refill,transport,debit,838.95,ZAR,2026-03-09,2026-03-09,settled,,fixed,
event_2450,user_27,expense,Fuel refill,transport,debit,708.98,ZAR,2026-03-16,2026-03-16,settled,,fixed,
event_2451,user_27,expense,Parking and tolls,transport,debit,710.81,ZAR,2026-03-23,2026-03-23,settled,,fixed,
event_2452,user_27,expense,Local taxi,transport,debit,793.95,ZAR,2026-03-30,2026-03-30,settled,,fixed,
event_2453,user_27,expense,Vehicle charging,transport,debit,806.18,ZAR,2026-04-06,2026-04-06,settled,,fixed,
event_2454,user_27,expense,Parking and tolls,transport,debit,788.78,ZAR,2026-04-13,2026-04-13,settled,,fixed,
event_2455,user_27,expense,Rail pass,transport,debit,622.78,ZAR,2026-04-20,2026-04-20,settled,,fixed,
event_2456,user_27,expense,Vehicle charging,transport,debit,787.37,ZAR,2026-04-27,2026-04-27,settled,,fixed,
event_2457,user_27,expense,Metro and bus fares,transport,debit,751.51,ZAR,2026-05-04,2026-05-04,settled,,fixed,
event_2458,user_27,expense,Parking and tolls,transport,debit,820.65,ZAR,2026-05-11,2026-05-11,settled,,fixed,
event_2459,user_27,expense,Metro and bus fares,transport,debit,721.86,ZAR,2026-05-18,2026-05-18,settled,,fixed,
event_2460,user_27,expense,Parking and tolls,transport,debit,850.32,ZAR,2026-05-25,2026-05-25,settled,,fixed,
event_2461,user_27,expense,Ride-hailing trip,transport,debit,678.76,ZAR,2026-06-01,2026-06-01,settled,,fixed,
event_2462,user_27,expense,Metro and bus fares,transport,debit,743.93,ZAR,2026-06-08,2026-06-08,settled,,fixed,
event_2463,user_27,expense,Rail pass,transport,debit,632.32,ZAR,2026-06-15,2026-06-15,settled,,fixed,
event_2464,user_27,expense,Local taxi,transport,debit,827.83,ZAR,2026-06-22,2026-06-22,settled,,fixed,
event_2465,user_27,expense,Fuel refill,transport,debit,572.29,ZAR,2026-06-29,2026-06-29,settled,,fixed,
event_2466,user_27,expense,Quick-service meal,dining,debit,1470.54,ZAR,2026-01-08,2026-01-08,settled,,fixed,
event_2467,user_27,expense,Neighbourhood restaurant,dining,debit,1446.74,ZAR,2026-01-22,2026-01-22,settled,,fixed,
event_2468,user_27,expense,Lunch with colleagues,dining,debit,1631.19,ZAR,2026-02-05,2026-02-05,settled,,fixed,
event_2469,user_27,expense,Family dinner,dining,debit,1140.95,ZAR,2026-02-19,2026-02-19,settled,,fixed,
event_2470,user_27,expense,Weekend food delivery,dining,debit,1839.57,ZAR,2026-03-05,2026-03-05,settled,,fixed,
event_2471,user_27,expense,Neighbourhood restaurant,dining,debit,1357.65,ZAR,2026-03-19,2026-03-19,settled,,fixed,
event_2472,user_27,expense,Family dinner,dining,debit,1395.26,ZAR,2026-04-02,2026-04-02,settled,,fixed,
event_2473,user_27,expense,Takeaway order,dining,debit,1377.14,ZAR,2026-04-16,2026-04-16,settled,,fixed,
event_2474,user_27,expense,Lunch with colleagues,dining,debit,1373.31,ZAR,2026-04-30,2026-04-30,settled,,fixed,
event_2475,user_27,expense,Takeaway order,dining,debit,1179.23,ZAR,2026-05-14,2026-05-14,settled,,fixed,
event_2476,user_27,expense,Weekend food delivery,dining,debit,1186.91,ZAR,2026-05-28,2026-05-28,settled,,fixed,
event_2477,user_27,expense,Lunch with colleagues,dining,debit,1268.37,ZAR,2026-06-11,2026-06-11,settled,,fixed,
event_2478,user_27,expense,Family dinner,dining,debit,1309.72,ZAR,2026-06-25,2026-06-25,settled,,fixed,
event_2479,user_28,income,Payroll credit,salary,credit,1452.0,EUR,2024-01-15,2024-01-15,settled,,fixed,
event_2480,user_28,expense,Shared housing rent,rent,debit,358.6,EUR,2024-01-01,2024-01-01,settled,,fixed,
event_2481,user_28,expense,Household utility payment,utilities,debit,74.98,EUR,2024-01-05,2024-01-05,settled,,fixed,
event_2482,user_28,debt_payment,Personal loan payment,debt_repayment,debit,192.0,EUR,2024-01-10,2024-01-10,settled,,fixed,
event_2483,user_28,subscription,Streaming subscription,streaming,debit,30.0,EUR,2024-01-08,2024-01-08,settled,,stoppable,
event_2484,user_28,subscription,Cloud storage plan,cloud_storage,debit,11.0,EUR,2024-01-11,2024-01-11,settled,,stoppable,
event_2485,user_28,expense,Clothing and household items,shopping,debit,28.08,EUR,2024-01-11,2024-01-11,settled,,fixed,
event_2486,user_28,income,Payroll credit,salary,credit,1452.0,EUR,2024-02-15,2024-02-15,settled,,fixed,
event_2487,user_28,expense,Shared housing rent,rent,debit,358.6,EUR,2024-02-01,2024-02-01,settled,,fixed,
event_2488,user_28,expense,Household utility payment,utilities,debit,84.3,EUR,2024-02-05,2024-02-05,settled,,fixed,
event_2489,user_28,debt_payment,Personal loan payment,debt_repayment,debit,192.0,EUR,2024-02-10,2024-02-10,settled,,fixed,
event_2490,user_28,subscription,Streaming subscription,streaming,debit,30.0,EUR,2024-02-08,2024-02-08,settled,,stoppable,
event_2491,user_28,subscription,Cloud storage plan,cloud_storage,debit,11.0,EUR,2024-02-11,2024-02-11,settled,,stoppable,
event_2492,user_28,expense,Clothing and household items,shopping,debit,31.14,EUR,2024-02-11,2024-02-11,settled,,fixed,
event_2493,user_28,income,Payroll credit,salary,credit,1452.0,EUR,2024-03-15,2024-03-15,settled,,fixed,
event_2494,user_28,expense,Shared housing rent,rent,debit,358.6,EUR,2024-03-01,2024-03-01,settled,,fixed,
event_2495,user_28,expense,Household utility payment,utilities,debit,78.33,EUR,2024-03-05,2024-03-05,settled,,fixed,
event_2496,user_28,debt_payment,Personal loan payment,debt_repayment,debit,192.0,EUR,2024-03-10,2024-03-10,settled,,fixed,
event_2497,user_28,subscription,Streaming subscription,streaming,debit,30.0,EUR,2024-03-08,2024-03-08,settled,,stoppable,
event_2498,user_28,subscription,Cloud storage plan,cloud_storage,debit,11.0,EUR,2024-03-11,2024-03-11,settled,,stoppable,
event_2499,user_28,expense,Clothing and household items,shopping,debit,29.54,EUR,2024-03-11,2024-03-11,settled,,fixed,
event_2500,user_28,income,Payroll credit,salary,credit,1452.0,EUR,2024-04-15,2024-04-15,settled,,fixed,
event_2501,user_28,expense,Shared housing rent,rent,debit,358.6,EUR,2024-04-01,2024-04-01,settled,,fixed,
event_2502,user_28,expense,Household utility payment,utilities,debit,72.66,EUR,2024-04-05,2024-04-05,settled,,fixed,
event_2503,user_28,debt_payment,Personal loan payment,debt_repayment,debit,192.0,EUR,2024-04-10,2024-04-10,settled,,fixed,
event_2504,user_28,subscription,Streaming subscription,streaming,debit,30.0,EUR,2024-04-08,2024-04-08,settled,,stoppable,
event_2505,user_28,subscription,Cloud storage plan,cloud_storage,debit,11.0,EUR,2024-04-11,2024-04-11,settled,,stoppable,
event_2506,user_28,expense,Clothing and household items,shopping,debit,28.48,EUR,2024-04-11,2024-04-11,settled,,fixed,
event_2507,user_28,income,Payroll credit,salary,credit,1452.0,EUR,2024-05-15,2024-05-15,settled,,fixed,
event_2508,user_28,income,Promotion arrears payment,salary,credit,653.4,EUR,2024-05-20,2024-05-20,settled,,fixed,
event_2509,user_28,expense,Shared housing rent,rent,debit,358.6,EUR,2024-05-01,2024-05-01,settled,,fixed,
event_2510,user_28,expense,Household utility payment,utilities,debit,86.6,EUR,2024-05-05,2024-05-05,settled,,fixed,
event_2511,user_28,debt_payment,Personal loan payment,debt_repayment,debit,192.0,EUR,2024-05-10,2024-05-10,settled,,fixed,
event_2512,user_28,subscription,Streaming subscription,streaming,debit,30.0,EUR,2024-05-08,2024-05-08,settled,,stoppable,
event_2513,user_28,subscription,Cloud storage plan,cloud_storage,debit,11.0,EUR,2024-05-11,2024-05-11,settled,,stoppable,
event_2514,user_28,expense,Clothing and household items,shopping,debit,26.91,EUR,2024-05-11,2024-05-11,settled,,fixed,
event_2515,user_28,expense,Shared housing rent,rent,debit,358.6,EUR,2024-06-01,2024-06-01,settled,,fixed,
event_2516,user_28,expense,Household utility payment,utilities,debit,87.94,EUR,2024-06-05,2024-06-05,settled,,fixed,
event_2517,user_28,expense,Grocery delivery,groceries,debit,69.68,EUR,2023-12-12,2023-12-12,settled,,fixed,
event_2518,user_28,expense,Supermarket basket,groceries,debit,71.21,EUR,2023-12-19,2023-12-19,settled,,fixed,
event_2519,user_28,expense,Local market purchase,groceries,debit,79.63,EUR,2023-12-26,2023-12-26,settled,,fixed,
event_2520,user_28,expense,Household groceries,groceries,debit,52.22,EUR,2024-01-02,2024-01-02,settled,,fixed,
event_2521,user_28,expense,Supermarket basket,groceries,debit,66.78,EUR,2024-01-09,2024-01-09,settled,,fixed,
event_2522,user_28,expense,Weekly produce market,groceries,debit,63.82,EUR,2024-01-16,2024-01-16,settled,,fixed,
event_2523,user_28,expense,Bulk pantry shop,groceries,debit,81.99,EUR,2024-01-23,2024-01-23,settled,,fixed,
event_2524,user_28,expense,Supermarket basket,groceries,debit,53.92,EUR,2024-01-30,2024-01-30,settled,,fixed,
event_2525,user_28,expense,Supermarket basket,groceries,debit,72.46,EUR,2024-02-06,2024-02-06,settled,,fixed,
event_2526,user_28,expense,Neighbourhood grocer,groceries,debit,84.99,EUR,2024-02-13,2024-02-13,settled,,fixed,
event_2527,user_28,expense,Supermarket basket,groceries,debit,70.65,EUR,2024-02-20,2024-02-20,settled,,fixed,
event_2528,user_28,expense,Neighbourhood grocer,groceries,debit,79.85,EUR,2024-02-27,2024-02-27,settled,,fixed,
event_2529,user_28,expense,Neighbourhood grocer,groceries,debit,75.11,EUR,2024-03-05,2024-03-05,settled,,fixed,
event_2530,user_28,expense,Household groceries,groceries,debit,74.56,EUR,2024-03-12,2024-03-12,settled,,fixed,
event_2531,user_28,expense,Grocery delivery,groceries,debit,55.36,EUR,2024-03-19,2024-03-19,settled,,fixed,
event_2532,user_28,expense,Fresh food shop,groceries,debit,83.3,EUR,2024-03-26,2024-03-26,settled,,fixed,
event_2533,user_28,expense,Local market purchase,groceries,debit,72.0,EUR,2024-04-02,2024-04-02,settled,,fixed,
event_2534,user_28,expense,Supermarket basket,groceries,debit,77.57,EUR,2024-04-09,2024-04-09,settled,,fixed,
event_2535,user_28,expense,Supermarket basket,groceries,debit,62.39,EUR,2024-04-16,2024-04-16,settled,,fixed,
event_2536,user_28,expense,Weekly produce market,groceries,debit,66.28,EUR,2024-04-23,2024-04-23,settled,,fixed,
event_2537,user_28,expense,Neighbourhood grocer,groceries,debit,52.3,EUR,2024-04-30,2024-04-30,settled,,fixed,
event_2538,user_28,expense,Local market purchase,groceries,debit,84.95,EUR,2024-05-07,2024-05-07,settled,,fixed,
event_2539,user_28,expense,Grocery delivery,groceries,debit,62.46,EUR,2024-05-14,2024-05-14,settled,,fixed,
event_2540,user_28,expense,Grocery delivery,groceries,debit,61.96,EUR,2024-05-21,2024-05-21,settled,,fixed,
event_2541,user_28,expense,Supermarket basket,groceries,debit,76.34,EUR,2024-05-28,2024-05-28,settled,,fixed,
event_2542,user_28,expense,Bulk pantry shop,groceries,debit,64.0,EUR,2024-06-04,2024-06-04,settled,,fixed,
event_2543,user_28,expense,Parking and tolls,transport,debit,30.27,EUR,2023-12-13,2023-12-13,settled,,fixed,
event_2544,user_28,expense,Local taxi,transport,debit,35.51,EUR,2023-12-20,2023-12-20,settled,,fixed,
event_2545,user_28,expense,Local taxi,transport,debit,32.78,EUR,2023-12-27,2023-12-27,settled,,fixed,
event_2546,user_28,expense,Ride-hailing trip,transport,debit,28.74,EUR,2024-01-03,2024-01-03,settled,,fixed,
event_2547,user_28,expense,Parking and tolls,transport,debit,32.64,EUR,2024-01-10,2024-01-10,settled,,fixed,
event_2548,user_28,expense,Vehicle charging,transport,debit,28.7,EUR,2024-01-17,2024-01-17,settled,,fixed,
event_2549,user_28,expense,Fuel refill,transport,debit,21.58,EUR,2024-01-24,2024-01-24,settled,,fixed,
event_2550,user_28,expense,Ride-hailing trip,transport,debit,32.8,EUR,2024-01-31,2024-01-31,settled,,fixed,
event_2551,user_28,expense,Commuter pass,transport,debit,32.31,EUR,2024-02-07,2024-02-07,settled,,fixed,
event_2552,user_28,expense,Vehicle charging,transport,debit,25.93,EUR,2024-02-14,2024-02-14,settled,,fixed,
event_2553,user_28,expense,Metro and bus fares,transport,debit,25.26,EUR,2024-02-21,2024-02-21,settled,,fixed,
event_2554,user_28,expense,Ride-hailing trip,transport,debit,35.9,EUR,2024-02-28,2024-02-28,settled,,fixed,
event_2555,user_28,expense,Local taxi,transport,debit,34.97,EUR,2024-03-06,2024-03-06,settled,,fixed,
event_2556,user_28,expense,Local taxi,transport,debit,23.8,EUR,2024-03-13,2024-03-13,settled,,fixed,
event_2557,user_28,expense,Ride-hailing trip,transport,debit,36.58,EUR,2024-03-20,2024-03-20,settled,,fixed,
event_2558,user_28,expense,Fuel refill,transport,debit,21.92,EUR,2024-03-27,2024-03-27,settled,,fixed,
event_2559,user_28,expense,Fuel refill,transport,debit,35.89,EUR,2024-04-03,2024-04-03,settled,,fixed,
event_2560,user_28,expense,Commuter pass,transport,debit,25.96,EUR,2024-04-10,2024-04-10,settled,,fixed,
event_2561,user_28,expense,Local taxi,transport,debit,30.3,EUR,2024-04-17,2024-04-17,settled,,fixed,
event_2562,user_28,expense,Vehicle charging,transport,debit,29.66,EUR,2024-04-24,2024-04-24,settled,,fixed,
event_2563,user_28,expense,Commuter pass,transport,debit,27.32,EUR,2024-05-01,2024-05-01,settled,,fixed,
event_2564,user_28,expense,Metro and bus fares,transport,debit,25.41,EUR,2024-05-08,2024-05-08,settled,,fixed,
event_2565,user_28,expense,Local taxi,transport,debit,36.0,EUR,2024-05-15,2024-05-15,settled,,fixed,
event_2566,user_28,expense,Parking and tolls,transport,debit,25.98,EUR,2024-05-22,2024-05-22,settled,,fixed,
event_2567,user_28,expense,Ride-hailing trip,transport,debit,31.22,EUR,2024-05-29,2024-05-29,settled,,fixed,
event_2568,user_28,expense,Ride-hailing trip,transport,debit,36.48,EUR,2024-06-05,2024-06-05,settled,,fixed,
event_2569,user_28,expense,Takeaway order,dining,debit,34.8,EUR,2023-12-14,2023-12-14,settled,,fixed,
event_2570,user_28,expense,Weekend food delivery,dining,debit,32.52,EUR,2023-12-28,2023-12-28,settled,,fixed,
event_2571,user_28,expense,Family dinner,dining,debit,37.93,EUR,2024-01-11,2024-01-11,settled,,fixed,
event_2572,user_28,expense,Lunch with colleagues,dining,debit,41.92,EUR,2024-01-25,2024-01-25,settled,,fixed,
event_2573,user_28,expense,Weekend food delivery,dining,debit,48.37,EUR,2024-02-08,2024-02-08,settled,,fixed,
event_2574,user_28,expense,Bakery and snacks,dining,debit,29.13,EUR,2024-02-22,2024-02-22,settled,,fixed,
event_2575,user_28,expense,Bakery and snacks,dining,debit,29.4,EUR,2024-03-07,2024-03-07,settled,,fixed,
event_2576,user_28,expense,Weekend food delivery,dining,debit,47.29,EUR,2024-03-21,2024-03-21,settled,,fixed,
event_2577,user_28,expense,Takeaway order,dining,debit,34.25,EUR,2024-04-04,2024-04-04,settled,,fixed,
event_2578,user_28,expense,Neighbourhood restaurant,dining,debit,35.35,EUR,2024-04-18,2024-04-18,settled,,fixed,
event_2579,user_28,expense,Coffee shop,dining,debit,30.34,EUR,2024-05-02,2024-05-02,settled,,fixed,
event_2580,user_28,expense,Takeaway order,dining,debit,50.13,EUR,2024-05-16,2024-05-16,settled,,fixed,
event_2581,user_28,expense,Family dinner,dining,debit,47.12,EUR,2024-05-30,2024-05-30,settled,,fixed,
event_2582,user_29,income,Peak-season wages,salary,credit,47652.67,ZAR,2025-06-15,2025-06-15,settled,,fixed,
event_2583,user_29,expense,Building maintenance payment,housing,debit,3806.0,ZAR,2025-06-03,2025-06-03,settled,,fixed,
event_2584,user_29,expense,Electricity and water bill,utilities,debit,2377.32,ZAR,2025-06-06,2025-06-06,settled,,fixed,
event_2585,user_29,expense,Insurance policy payment,insurance,debit,1962.4,ZAR,2025-06-07,2025-06-07,settled,,fixed,
event_2586,user_29,expense,School fee payment,education,debit,5170.0,ZAR,2025-06-08,2025-06-08,settled,,fixed,
event_2587,user_29,expense,Diagnostic test,healthcare,debit,3322.86,ZAR,2025-06-10,2025-06-10,settled,,fixed,
event_2588,user_29,expense,Games and recreation,entertainment,debit,1689.25,ZAR,2025-06-14,2025-06-14,settled,,fixed,
event_2589,user_29,subscription,Online backup subscription,cloud_storage,debit,181.5,ZAR,2025-06-12,2025-06-12,settled,,fixed,
event_2590,user_29,income,Seasonal contract payment,salary,credit,49319.59,ZAR,2025-07-15,2025-07-15,settled,,fixed,
event_2591,user_29,expense,Building maintenance payment,housing,debit,3806.0,ZAR,2025-07-03,2025-07-03,settled,,fixed,
event_2592,user_29,expense,Electricity and water bill,utilities,debit,2705.96,ZAR,2025-07-06,2025-07-06,settled,,fixed,
event_2593,user_29,expense,Insurance policy payment,insurance,debit,1962.4,ZAR,2025-07-07,2025-07-07,settled,,fixed,
event_2594,user_29,expense,School fee payment,education,debit,5170.0,ZAR,2025-07-08,2025-07-08,settled,,fixed,
event_2595,user_29,expense,Diagnostic test,healthcare,debit,3227.06,ZAR,2025-07-10,2025-07-10,settled,,fixed,
event_2596,user_29,expense,Games and recreation,entertainment,debit,1351.5,ZAR,2025-07-14,2025-07-14,settled,,fixed,
event_2597,user_29,subscription,Online backup subscription,cloud_storage,debit,181.5,ZAR,2025-07-12,2025-07-12,settled,,fixed,
event_2598,user_29,income,Seasonal contract payment,salary,credit,48165.7,ZAR,2025-08-15,2025-08-15,settled,,fixed,
event_2599,user_29,expense,Building maintenance payment,housing,debit,3806.0,ZAR,2025-08-03,2025-08-03,settled,,fixed,
event_2600,user_29,expense,Electricity and water bill,utilities,debit,2654.23,ZAR,2025-08-06,2025-08-06,settled,,fixed,
event_2601,user_29,expense,Insurance policy payment,insurance,debit,1962.4,ZAR,2025-08-07,2025-08-07,settled,,fixed,
event_2602,user_29,expense,School fee payment,education,debit,5170.0,ZAR,2025-08-08,2025-08-08,settled,,fixed,
event_2603,user_29,expense,Diagnostic test,healthcare,debit,2946.58,ZAR,2025-08-10,2025-08-10,settled,,fixed,
event_2604,user_29,expense,Games and recreation,entertainment,debit,1689.24,ZAR,2025-08-14,2025-08-14,settled,,fixed,
event_2605,user_29,subscription,Online backup subscription,cloud_storage,debit,181.5,ZAR,2025-08-12,2025-08-12,settled,,fixed,
event_2606,user_29,expense,Building maintenance payment,housing,debit,3806.0,ZAR,2025-09-03,2025-09-03,settled,,fixed,
event_2607,user_29,expense,Electricity and water bill,utilities,debit,2410.63,ZAR,2025-09-06,2025-09-06,settled,,fixed,
event_2608,user_29,expense,Insurance policy payment,insurance,debit,1962.4,ZAR,2025-09-07,2025-09-07,settled,,fixed,
event_2609,user_29,expense,School fee payment,education,debit,5170.0,ZAR,2025-09-08,2025-09-08,settled,,fixed,
event_2610,user_29,expense,Diagnostic test,healthcare,debit,3308.26,ZAR,2025-09-10,2025-09-10,settled,,fixed,
event_2611,user_29,expense,Games and recreation,entertainment,debit,1499.59,ZAR,2025-09-14,2025-09-14,settled,,fixed,
event_2612,user_29,subscription,Online backup subscription,cloud_storage,debit,181.5,ZAR,2025-09-12,2025-09-12,settled,,fixed,
event_2613,user_29,expense,Building maintenance payment,housing,debit,3806.0,ZAR,2025-10-03,2025-10-03,settled,,fixed,
event_2614,user_29,expense,Electricity and water bill,utilities,debit,2697.65,ZAR,2025-10-06,2025-10-06,settled,,fixed,
event_2615,user_29,expense,Insurance policy payment,insurance,debit,1962.4,ZAR,2025-10-07,2025-10-07,settled,,fixed,
event_2616,user_29,expense,School fee payment,education,debit,5170.0,ZAR,2025-10-08,2025-10-08,settled,,fixed,
event_2617,user_29,expense,Diagnostic test,healthcare,debit,2855.03,ZAR,2025-10-10,2025-10-10,settled,,fixed,
event_2618,user_29,expense,Games and recreation,entertainment,debit,1596.85,ZAR,2025-10-14,2025-10-14,settled,,fixed,
event_2619,user_29,subscription,Online backup subscription,cloud_storage,debit,181.5,ZAR,2025-10-12,2025-10-12,settled,,fixed,
event_2620,user_29,expense,Building maintenance payment,housing,debit,3806.0,ZAR,2025-11-03,2025-11-03,settled,,fixed,
event_2621,user_29,expense,Fresh food shop,groceries,debit,1843.23,ZAR,2025-05-11,2025-05-11,settled,,fixed,
event_2622,user_29,expense,Household groceries,groceries,debit,1741.7,ZAR,2025-05-21,2025-05-21,settled,,fixed,
event_2623,user_29,expense,Bulk pantry shop,groceries,debit,2084.51,ZAR,2025-05-31,2025-05-31,settled,,fixed,
event_2624,user_29,expense,Grocery delivery,groceries,debit,1668.71,ZAR,2025-06-10,2025-06-10,settled,,fixed,
event_2625,user_29,expense,Weekly produce market,groceries,debit,1770.2,ZAR,2025-06-20,2025-06-20,settled,,fixed,
event_2626,user_29,expense,Supermarket basket,groceries,debit,1743.28,ZAR,2025-06-30,2025-06-30,settled,,fixed,
event_2627,user_29,expense,Neighbourhood grocer,groceries,debit,2078.42,ZAR,2025-07-10,2025-07-10,settled,,fixed,
event_2628,user_29,expense,Grocery delivery,groceries,debit,1979.39,ZAR,2025-07-20,2025-07-20,settled,,fixed,
event_2629,user_29,expense,Bulk pantry shop,groceries,debit,1574.93,ZAR,2025-07-30,2025-07-30,settled,,fixed,
event_2630,user_29,expense,Weekly produce market,groceries,debit,2189.0,ZAR,2025-08-09,2025-08-09,settled,,fixed,
event_2631,user_29,expense,Household groceries,groceries,debit,1603.87,ZAR,2025-08-19,2025-08-19,settled,,fixed,
event_2632,user_29,expense,Weekly produce market,groceries,debit,1640.26,ZAR,2025-08-29,2025-08-29,settled,,fixed,
event_2633,user_29,expense,Fresh food shop,groceries,debit,1575.34,ZAR,2025-09-08,2025-09-08,settled,,fixed,
event_2634,user_29,expense,Fresh food shop,groceries,debit,1870.78,ZAR,2025-09-18,2025-09-18,settled,,fixed,
event_2635,user_29,expense,Neighbourhood grocer,groceries,debit,2033.84,ZAR,2025-09-28,2025-09-28,settled,,fixed,
event_2636,user_29,expense,Bulk pantry shop,groceries,debit,2167.16,ZAR,2025-10-08,2025-10-08,settled,,fixed,
event_2637,user_29,expense,Local market purchase,groceries,debit,1758.8,ZAR,2025-10-18,2025-10-18,settled,,fixed,
event_2638,user_29,expense,Household groceries,groceries,debit,1610.49,ZAR,2025-10-28,2025-10-28,settled,,fixed,
event_2639,user_29,expense,Rail pass,transport,debit,1133.42,ZAR,2025-05-12,2025-05-12,settled,,fixed,
event_2640,user_29,expense,Fuel refill,transport,debit,1192.55,ZAR,2025-05-26,2025-05-26,settled,,fixed,
event_2641,user_29,expense,Metro and bus fares,transport,debit,1411.65,ZAR,2025-06-09,2025-06-09,settled,,fixed,
event_2642,user_29,expense,Fuel refill,transport,debit,1239.04,ZAR,2025-06-23,2025-06-23,settled,,fixed,
event_2643,user_29,expense,Rail pass,transport,debit,1588.15,ZAR,2025-07-07,2025-07-07,settled,,fixed,
event_2644,user_29,expense,Metro and bus fares,transport,debit,1534.8,ZAR,2025-07-21,2025-07-21,settled,,fixed,
event_2645,user_29,expense,Metro and bus fares,transport,debit,1387.42,ZAR,2025-08-04,2025-08-04,settled,,fixed,
event_2646,user_29,expense,Commuter pass,transport,debit,1337.36,ZAR,2025-08-18,2025-08-18,settled,,fixed,
event_2647,user_29,expense,Ride-hailing trip,transport,debit,1114.85,ZAR,2025-09-01,2025-09-01,settled,,fixed,
event_2648,user_29,expense,Fuel refill,transport,debit,1033.87,ZAR,2025-09-15,2025-09-15,settled,,fixed,
event_2649,user_29,expense,Rail pass,transport,debit,1659.66,ZAR,2025-09-29,2025-09-29,settled,,fixed,
event_2650,user_29,expense,Ride-hailing trip,transport,debit,1476.26,ZAR,2025-10-13,2025-10-13,settled,,fixed,
event_2651,user_29,expense,Ride-hailing trip,transport,debit,1651.06,ZAR,2025-10-27,2025-10-27,settled,,fixed,
event_2652,user_29,expense,Lunch with colleagues,dining,debit,1581.91,ZAR,2025-05-13,2025-05-13,settled,,reducible,712.8
event_2653,user_29,expense,Lunch with colleagues,dining,debit,1373.88,ZAR,2025-06-03,2025-06-03,settled,,reducible,712.8
event_2654,user_29,expense,Lunch with colleagues,dining,debit,1295.93,ZAR,2025-06-24,2025-06-24,settled,,reducible,712.8
event_2655,user_29,expense,Bakery and snacks,dining,debit,1752.77,ZAR,2025-07-15,2025-07-15,settled,,reducible,712.8
event_2656,user_29,expense,Bakery and snacks,dining,debit,1670.72,ZAR,2025-08-05,2025-08-05,settled,,reducible,712.8
event_2657,user_29,expense,Weekend food delivery,dining,debit,1279.31,ZAR,2025-08-26,2025-08-26,settled,,reducible,712.8
event_2658,user_29,expense,Family dinner,dining,debit,1685.0,ZAR,2025-09-16,2025-09-16,settled,,reducible,712.8
event_2659,user_29,expense,Coffee shop,dining,debit,1182.22,ZAR,2025-10-07,2025-10-07,settled,,reducible,712.8
event_2660,user_29,expense,Coffee shop,dining,debit,1682.08,ZAR,2025-10-28,2025-10-28,settled,,reducible,712.8
event_2661,user_30,income,Freelance milestone payment,salary,credit,804.52,USD,2025-11-08,2025-11-08,settled,,fixed,
event_2662,user_30,income,Independent work payment,salary,credit,393.0,USD,2025-11-20,2025-11-20,settled,,fixed,
event_2663,user_30,expense,Landlord standing order,rent,debit,396.0,USD,2025-11-03,2025-11-03,settled,,fixed,
event_2664,user_30,expense,Household utility payment,utilities,debit,93.15,USD,2025-11-07,2025-11-07,settled,,fixed,
event_2665,user_30,subscription,Online backup subscription,cloud_storage,debit,7.0,USD,2025-11-13,2025-11-13,settled,,fixed,
event_2666,user_30,subscription,Family streaming plan,streaming,debit,35.0,USD,2025-11-10,2025-11-10,settled,,reducible_or_stoppable,17.5
event_2667,user_30,expense,Monthly shopping spend,shopping,debit,47.56,USD,2025-11-13,2025-11-13,settled,,fixed,
event_2668,user_30,income,Consulting invoice payment,salary,credit,619.21,USD,2025-12-08,2025-12-08,settled,,fixed,
event_2669,user_30,income,Content contract payment,salary,credit,487.69,USD,2025-12-20,2025-12-20,settled,,fixed,
event_2670,user_30,expense,Landlord standing order,rent,debit,396.0,USD,2025-12-03,2025-12-03,settled,,fixed,
event_2671,user_30,expense,Household utility payment,utilities,debit,85.8,USD,2025-12-07,2025-12-07,settled,,fixed,
event_2672,user_30,subscription,Online backup subscription,cloud_storage,debit,7.0,USD,2025-12-13,2025-12-13,settled,,fixed,
event_2673,user_30,subscription,Family streaming plan,streaming,debit,35.0,USD,2025-12-10,2025-12-10,settled,,reducible_or_stoppable,17.5
event_2674,user_30,expense,Monthly shopping spend,shopping,debit,41.98,USD,2025-12-13,2025-12-13,settled,,fixed,
event_2675,user_30,income,Consulting invoice payment,salary,credit,741.7,USD,2026-01-08,2026-01-08,settled,,fixed,
event_2676,user_30,income,Independent work payment,salary,credit,383.98,USD,2026-01-20,2026-01-20,settled,,fixed,
event_2677,user_30,expense,Landlord standing order,rent,debit,396.0,USD,2026-01-03,2026-01-03,settled,,fixed,
event_2678,user_30,expense,Household utility payment,utilities,debit,76.37,USD,2026-01-07,2026-01-07,settled,,fixed,
event_2679,user_30,subscription,Online backup subscription,cloud_storage,debit,7.0,USD,2026-01-13,2026-01-13,settled,,fixed,
event_2680,user_30,subscription,Family streaming plan,streaming,debit,35.0,USD,2026-01-10,2026-01-10,settled,,reducible_or_stoppable,17.5
event_2681,user_30,expense,Monthly shopping spend,shopping,debit,49.95,USD,2026-01-13,2026-01-13,settled,,fixed,
event_2682,user_30,income,Website project payment,salary,credit,716.3,USD,2026-02-08,2026-02-08,settled,,fixed,
event_2683,user_30,income,Content contract payment,salary,credit,404.31,USD,2026-02-20,2026-02-20,settled,,fixed,
event_2684,user_30,expense,Landlord standing order,rent,debit,396.0,USD,2026-02-03,2026-02-03,settled,,fixed,
event_2685,user_30,expense,Household utility payment,utilities,debit,94.01,USD,2026-02-07,2026-02-07,settled,,fixed,
event_2686,user_30,subscription,Online backup subscription,cloud_storage,debit,7.0,USD,2026-02-13,2026-02-13,settled,,fixed,
event_2687,user_30,subscription,Family streaming plan,streaming,debit,35.0,USD,2026-02-10,2026-02-10,settled,,reducible_or_stoppable,17.5
event_2688,user_30,expense,Monthly shopping spend,shopping,debit,42.71,USD,2026-02-13,2026-02-13,settled,,fixed,
event_2689,user_30,income,Consulting invoice payment,salary,credit,513.88,USD,2026-03-08,2026-03-08,settled,,fixed,
event_2690,user_30,income,Client retainer payment,salary,credit,421.79,USD,2026-03-20,2026-03-20,settled,,fixed,
event_2691,user_30,expense,Landlord standing order,rent,debit,396.0,USD,2026-03-03,2026-03-03,settled,,fixed,
event_2692,user_30,expense,Household utility payment,utilities,debit,89.89,USD,2026-03-07,2026-03-07,settled,,fixed,
event_2693,user_30,subscription,Online backup subscription,cloud_storage,debit,7.0,USD,2026-03-13,2026-03-13,settled,,fixed,
event_2694,user_30,subscription,Family streaming plan,streaming,debit,35.0,USD,2026-03-10,2026-03-10,settled,,reducible_or_stoppable,17.5
event_2695,user_30,expense,Monthly shopping spend,shopping,debit,52.34,USD,2026-03-13,2026-03-13,settled,,fixed,
event_2696,user_30,expense,Landlord standing order,rent,debit,396.0,USD,2026-04-03,2026-04-03,settled,,fixed,
event_2697,user_30,expense,Fresh food shop,groceries,debit,58.56,USD,2025-10-12,2025-10-12,settled,,fixed,
event_2698,user_30,expense,Grocery delivery,groceries,debit,65.07,USD,2025-10-22,2025-10-22,settled,,fixed,
event_2699,user_30,expense,Weekly produce market,groceries,debit,46.07,USD,2025-11-01,2025-11-01,settled,,fixed,
event_2700,user_30,expense,Local market purchase,groceries,debit,48.71,USD,2025-11-11,2025-11-11,settled,,fixed,
event_2701,user_30,expense,Bulk pantry shop,groceries,debit,52.12,USD,2025-11-21,2025-11-21,settled,,fixed,
event_2702,user_30,expense,Neighbourhood grocer,groceries,debit,49.31,USD,2025-12-01,2025-12-01,settled,,fixed,
event_2703,user_30,expense,Supermarket basket,groceries,debit,57.19,USD,2025-12-11,2025-12-11,settled,,fixed,
event_2704,user_30,expense,Neighbourhood grocer,groceries,debit,45.63,USD,2025-12-21,2025-12-21,settled,,fixed,
event_2705,user_30,expense,Bulk pantry shop,groceries,debit,58.95,USD,2025-12-31,2025-12-31,settled,,fixed,
event_2706,user_30,expense,Bulk pantry shop,groceries,debit,60.95,USD,2026-01-10,2026-01-10,settled,,fixed,
event_2707,user_30,expense,Supermarket basket,groceries,debit,50.7,USD,2026-01-20,2026-01-20,settled,,fixed,
event_2708,user_30,expense,Weekly produce market,groceries,debit,67.73,USD,2026-01-30,2026-01-30,settled,,fixed,
event_2709,user_30,expense,Local market purchase,groceries,debit,46.42,USD,2026-02-09,2026-02-09,settled,,fixed,
event_2710,user_30,expense,Neighbourhood grocer,groceries,debit,66.17,USD,2026-02-19,2026-02-19,settled,,fixed,
event_2711,user_30,expense,Bulk pantry shop,groceries,debit,46.98,USD,2026-03-01,2026-03-01,settled,,fixed,
event_2712,user_30,expense,Supermarket basket,groceries,debit,50.39,USD,2026-03-11,2026-03-11,settled,,fixed,
event_2713,user_30,expense,Household groceries,groceries,debit,65.5,USD,2026-03-21,2026-03-21,settled,,fixed,
event_2714,user_30,expense,Weekly produce market,groceries,debit,45.43,USD,2026-03-31,2026-03-31,settled,,fixed,
event_2715,user_30,expense,Metro and bus fares,transport,debit,38.29,USD,2025-10-13,2025-10-13,settled,,fixed,
event_2716,user_30,expense,Parking and tolls,transport,debit,42.9,USD,2025-11-03,2025-11-03,settled,,fixed,
event_2717,user_30,expense,Metro and bus fares,transport,debit,39.42,USD,2025-11-24,2025-11-24,settled,,fixed,
event_2718,user_30,expense,Local taxi,transport,debit,32.85,USD,2025-12-15,2025-12-15,settled,,fixed,
event_2719,user_30,expense,Rail pass,transport,debit,33.59,USD,2026-01-05,2026-01-05,settled,,fixed,
event_2720,user_30,expense,Fuel refill,transport,debit,30.12,USD,2026-01-26,2026-01-26,settled,,fixed,
event_2721,user_30,expense,Parking and tolls,transport,debit,32.64,USD,2026-02-16,2026-02-16,settled,,fixed,
event_2722,user_30,expense,Ride-hailing trip,transport,debit,39.47,USD,2026-03-09,2026-03-09,settled,,fixed,
event_2723,user_30,expense,Fuel refill,transport,debit,44.08,USD,2026-03-30,2026-03-30,settled,,fixed,
event_2724,user_30,expense,Weekend food delivery,dining,debit,54.83,USD,2025-10-14,2025-10-14,settled,,reducible,28.0
event_2725,user_30,expense,Family dinner,dining,debit,42.42,USD,2025-11-04,2025-11-04,settled,,reducible,28.0
event_2726,user_30,expense,Coffee shop,dining,debit,56.75,USD,2025-11-25,2025-11-25,settled,,reducible,28.0
event_2727,user_30,expense,Bakery and snacks,dining,debit,56.87,USD,2025-12-16,2025-12-16,settled,,reducible,28.0
event_2728,user_30,expense,Lunch with colleagues,dining,debit,53.18,USD,2026-01-06,2026-01-06,settled,,reducible,28.0
event_2729,user_30,expense,Family dinner,dining,debit,44.0,USD,2026-01-27,2026-01-27,settled,,reducible,28.0
event_2730,user_30,expense,Takeaway order,dining,debit,70.96,USD,2026-02-17,2026-02-17,settled,,reducible,28.0
event_2731,user_30,expense,Takeaway order,dining,debit,45.05,USD,2026-03-10,2026-03-10,settled,,reducible,28.0
event_2732,user_30,expense,Family dinner,dining,debit,55.92,USD,2026-03-31,2026-03-31,settled,,reducible,28.0
